University_link,Picture_Url,University_Name,nation_flag_picture,Country,City,Rank_In_World,Description,Global_Score,Enrollment,country_latitude,country_longitude,city_latitude,city_longitude
https://www.usnews.com/education/best-global-universities/harvard-university-166027,https://www.usnews.com/object/image/0000014e-d02b-d0b6-afdf-d03b72820000/$150727harvard?size=responsive300&update-time=1444057405951,Harvard University,https://www.usnews.com/static-atlas/assets/img/news/best-countries/flags-svg/USA.svg,United States,Cambridge (U.S.),#1,"Founded in 1636, Harvard University is the oldest higher education institution in the U.S. The bulk of Harvard's...",100.0,"21,887",39.7837304,-100.445882,14.5706911,121.0795564
https://www.usnews.com/education/best-global-universities/massachusetts-institute-of-technology-mit-166683,https://www.usnews.com/object/image/0000014e-d05f-d0b6-afdf-d05f34b90000/$150727MIT?size=responsive300&update-time=1535646171759,Massachusetts Institute of Technology (MIT),https://www.usnews.com/static-atlas/assets/img/news/best-countries/flags-svg/USA.svg,United States,Cambridge (U.S.),#2,"Massachusetts Institute of Technology, founded in 1861, is located in Cambridge, Massachusetts, near Boston. Around...",97.7,"11,415",39.7837304,-100.445882,14.5706911,121.0795564
https://www.usnews.com/education/best-global-universities/stanford-university-243744,https://www.usnews.com/object/image/0000016c-9bb2-d1ec-a97f-9bba269e0000/$190816stanford_university0?size=responsive300&update-time=,Stanford University,https://www.usnews.com/static-atlas/assets/img/news/best-countries/flags-svg/USA.svg,United States,Stanford,#3,"Stanford University was founded in 1885 and is located in California’s Bay Area, around 30 miles south of San Francisco...",95.2,"16,164",39.7837304,-100.445882,37.4265407,-122.17030545534064
https://www.usnews.com/education/best-global-universities/university-of-california-berkeley-110635,https://www.usnews.com/object/image/0000014e-d06d-d8a0-adee-fffdae2b0000/$150727Berkeley?size=responsive300&update-time=1558448629952,University of California Berkeley,https://www.usnews.com/static-atlas/assets/img/news/best-countries/flags-svg/USA.svg,United States,Berkeley,#4,The University of California—Berkeley is situated roughly 15 miles from San Francisco in what is known as the Bay Area...,88.7,"40,921",39.7837304,-100.445882,37.8708393,-122.272863
https://www.usnews.com/education/best-global-universities/university-of-oxford-503637,https://www.usnews.com/object/image/0000014e-d0b5-d0b6-afdf-d0b7fab40000/$150727Oxford?size=responsive300&update-time=1438090160344,University of Oxford,https://www.usnews.com/static-atlas/assets/img/news/best-countries/flags-svg/GBR.svg,United Kingdom,Oxford,#5,"The exact date of the University of Oxford’s founding is unknown, but the school traces its roots back to at least 1096...",86.8,,54.7023545,-3.2765753,51.7520131,-1.2578499
https://www.usnews.com/education/best-global-universities/university-of-washington-seattle-236948,https://www.usnews.com/object/image/00000155-82e0-d393-a9f5-fae850c30000/$160624_university_of_washington?size=responsive300&update-time=1466789774392,University of Washington Seattle,https://www.usnews.com/static-atlas/assets/img/news/best-countries/flags-svg/USA.svg,United States,Seattle,#6,The University of Washington is a public institution that was founded in 1861. The school's oldest and largest campus in...,86.6,"47,727",39.7837304,-100.445882,47.6038321,-122.330062
https://www.usnews.com/education/best-global-universities/columbia-university-190150,https://www.usnews.com/object/image/0000014e-d115-d0b6-afdf-d1177b780000/$150727Columbia?size=responsive300&update-time=1476994392682,Columbia University,https://www.usnews.com/static-atlas/assets/img/news/best-countries/flags-svg/USA.svg,United States,New York City,#7,Columbia University is a private institution that was founded in 1754. It is located in the Upper West Side of New York...,86.5,"21,781",39.7837304,-100.445882,40.7127281,-74.0060152
https://www.usnews.com/education/best-global-universities/university-of-cambridge-502149,https://www.usnews.com/object/image/0000014e-d0dd-d0b6-afdf-d0dfa5e00000/$150727Cambridge?size=responsive300&update-time=1475263504175,University of Cambridge,https://www.usnews.com/static-atlas/assets/img/news/best-countries/flags-svg/GBR.svg,United Kingdom,Cambridge (U.K.),#8,"The University of Cambridge, located around 60 miles north of London, traces its history back to 1209. Around 19,000...",86.1,"20,385",54.7023545,-3.2765753,52.2055314,0.1186637
https://www.usnews.com/education/best-global-universities/johns-hopkins-university-162928,https://www.usnews.com/object/image/00000155-82e7-d393-a9f5-faefdefc0000/$160624_johns_hopkins_university?size=responsive300&update-time=1466789856391,Johns Hopkins University,https://www.usnews.com/static-atlas/assets/img/news/best-countries/flags-svg/USA.svg,United States,Baltimore,#10,Johns Hopkins University is a private institution that was founded in 1876. The school has campuses located in and...,84.7,"17,584",39.7837304,-100.445882,39.2908816,-76.610759
https://www.usnews.com/education/best-global-universities/yale-university-130794,https://www.usnews.com/object/image/00000148-c6fa-d81c-a5f8-f6fb25e40000/$140930_Yale?size=responsive300&update-time=1412088338375,Yale University,https://www.usnews.com/static-atlas/assets/img/news/best-countries/flags-svg/USA.svg,United States,New Haven,#11,"Yale University was founded in 1701, making it one of the oldest institutions of higher education in the U.S. The...",84.6,"13,482",39.7837304,-100.445882,41.3082138,-72.9250518
https://www.usnews.com/education/best-global-universities/university-college-london-501693,https://www.usnews.com/object/image/00000157-8cae-dca0-ad7f-ccbf42550000/$161003_UCL?size=responsive300&update-time=1475534101225,University College London,https://www.usnews.com/static-atlas/assets/img/news/best-countries/flags-svg/GBR.svg,United Kingdom,London (U.K.),#12,"University College London, or UCL, is a public institution that was founded in 1826. It was the third university...",84.4,"36,900",54.7023545,-3.2765753,51.5073359,-0.12765
https://www.usnews.com/education/best-global-universities/imperial-college-london-505571,https://www.usnews.com/object/image/00000152-12d6-dafd-add2-b3f6ec120000/$160105_ImperialCollegeLondon?size=responsive300&update-time=1467838338695,Imperial College London,https://www.usnews.com/static-atlas/assets/img/news/best-countries/flags-svg/GBR.svg,United Kingdom,London (U.K.),#13,Imperial College London is a public institution that was founded in 1907. The university was previously a college of the...,84.3,"18,455",54.7023545,-3.2765753,51.5073359,-0.12765
https://www.usnews.com/education/best-global-universities/university-of-california-los-angeles-110662,https://www.usnews.com/object/image/0000014e-d0f0-d8a0-adee-fff068d40000/$150727UCLA?size=responsive300&update-time=1438024763242,University of California Los Angeles,https://www.usnews.com/static-atlas/assets/img/news/best-countries/flags-svg/USA.svg,United States,Los Angeles,#14,"The University of California—Los Angeles, commonly referred to as UCLA, is a public institution that was founded in...",84.2,"43,289",39.7837304,-100.445882,34.0536909,-118.242766
https://www.usnews.com/education/best-global-universities/university-of-pennsylvania-215062,https://www.usnews.com/object/image/00000147-d5c9-d2c9-a37f-ddffc0770000/$140814_upenn_courtyard_EDITORIALONLY?size=responsive300&update-time=1408993165080,University of Pennsylvania,https://www.usnews.com/static-atlas/assets/img/news/best-countries/flags-svg/USA.svg,United States,Philadelphia,#15,"The University of Pennsylvania, also known as Penn, was founded in 1740. The private, Ivy League institution is located...",84.0,"21,453",39.7837304,-100.445882,39.9527237,-75.1635262
https://www.usnews.com/education/best-global-universities/princeton-university-186131,https://www.usnews.com/object/image/00000155-82f6-d393-a9f5-fafea4040000/$160624_princeton?size=responsive300&update-time=1466789902421,Princeton University,https://www.usnews.com/static-atlas/assets/img/news/best-countries/flags-svg/USA.svg,United States,Princeton,#16,"Princeton University was founded in 1746, making it one of the oldest higher education institutions in the U.S. The...",83.9,,39.7837304,-100.445882,40.3492744,-74.6592958
https://www.usnews.com/education/best-global-universities/university-of-california-san-francisco-110699,https://www.usnews.com/object/image/00000157-f7fb-d7d1-aff7-f7fbfb590000/$161024_UCSF?size=responsive300&update-time=1558361309498,University of California San Francisco,https://www.usnews.com/static-atlas/assets/img/news/best-countries/flags-svg/USA.svg,United States,San Francisco,#16,The University of California—San Francisco is a public institution that was founded in 1864. The health sciences-focused...,83.9,,39.7837304,-100.445882,37.7790262,-122.419906
https://www.usnews.com/education/best-global-universities/university-of-toronto-499968,https://www.usnews.com/object/image/00000155-8341-d393-a9f5-fbe9b3ad0000/$160624_university_of_toronto?size=responsive300&update-time=1558360216697,University of Toronto,https://www.usnews.com/static-atlas/assets/img/news/best-countries/flags-svg/CAN.svg,Canada,Toronto,#18,The University of Toronto is a public institution that was founded in 1827. Around 80 percent of its students study at...,83.8,"77,468",61.0666922,-107.991707,43.6534817,-79.3839347
https://www.usnews.com/education/best-global-universities/university-of-michigan-170976,https://www.usnews.com/object/image/00000155-8352-d3ec-a9fd-cbdf64dd0000/$160624_university_of_michigan?size=responsive300&update-time=1467820566023,University of Michigan,https://www.usnews.com/static-atlas/assets/img/news/best-countries/flags-svg/USA.svg,United States,Ann Arbor,#19,The University of Michigan—Ann Arbor is a public institution that was founded in 1817 and made the city of Ann Arbor its...,83.4,"46,146",39.7837304,-100.445882,42.2681569,-83.7312291
https://www.usnews.com/education/best-global-universities/university-of-california-san-diego-110680,https://www.usnews.com/object/image/00000148-a3d3-d3b0-a3fc-b3dbb41f0000/$140923_UniversityofCaliforniaSanDiego?size=responsive300&update-time=1442948636561,University of California San Diego,https://www.usnews.com/static-atlas/assets/img/news/best-countries/flags-svg/USA.svg,United States,La Jolla,#20,The University of California—San Diego is a public institution that was established in 1960. It is located in the La...,83.3,,39.7837304,-100.445882,32.8401623,-117.2740777
https://www.usnews.com/education/best-global-universities/cornell-university-190415,https://www.usnews.com/object/image/00000158-2636-d7c3-a3ff-f7767d480000/$161102_Cornell?size=responsive300&update-time=1479223700443,Cornell University,https://www.usnews.com/static-atlas/assets/img/news/best-countries/flags-svg/USA.svg,United States,Ithaca,#21,"Cornell University is a private institution that was founded in 1865. The Ivy League school is located in Ithaca, New...",82.9,"24,027",39.7837304,-100.445882,42.4396039,-76.4968019
https://www.usnews.com/education/best-global-universities/university-of-chicago-144050,https://www.usnews.com/object/image/00000147-f4cb-d2c9-a37f-fdffc2c00000/$140820_universityofchicagocampus?size=responsive300&update-time=1444057324733,University of Chicago,https://www.usnews.com/static-atlas/assets/img/news/best-countries/flags-svg/USA.svg,United States,Chicago,#22,The University of Chicago is a private institution that was founded in 1890. The university is located in Chicago...,82.5,,39.7837304,-100.445882,41.8755616,-87.6244212
https://www.usnews.com/education/best-global-universities/northwestern-university-147767,https://www.usnews.com/object/image/00000158-6894-d46e-a7fe-6cb7c1ad0000/$161115_Northwestern?size=responsive300&update-time=1479223601773,Northwestern University,https://www.usnews.com/static-atlas/assets/img/news/best-countries/flags-svg/USA.svg,United States,Evanston,#24,Northwestern University is a private institution that was founded in 1851. The university has three campuses – the main...,81.2,"18,803",39.7837304,-100.445882,42.0447388,-87.6930459
https://www.usnews.com/education/best-global-universities/duke-university-198419,https://www.usnews.com/object/image/00000155-838b-d393-a9f5-fbabb8f80000/$160624_duke_university?size=responsive300&update-time=1467822498181,Duke University,https://www.usnews.com/static-atlas/assets/img/news/best-countries/flags-svg/USA.svg,United States,"Durham (North Carolina, U.S.)",#25,"Duke University traces its roots back to 1838, though the private institution didn’t receive its current name until...",80.7,,39.7837304,-100.445882,35.994,78.8986
https://www.usnews.com/education/best-global-universities/university-of-melbourne-501796,https://www.usnews.com/static-atlas/assets/img/education/education.svg,University of Melbourne,https://www.usnews.com/static-atlas/assets/img/news/best-countries/flags-svg/AUS.svg,Australia,Parkville,#27,The University of Melbourne is a public institution that was founded in 1853. The university has seven campuses...,80.3,,-24.7761086,134.755,39.3868522,-76.55086176363942
https://www.usnews.com/education/best-global-universities/university-of-sydney-505369,https://www.usnews.com/object/image/00000157-8ffc-dca0-ad7f-cfffa0010000/$161004_UniofSydney?size=responsive300&update-time=1475589551709,University of Sydney,https://www.usnews.com/static-atlas/assets/img/news/best-countries/flags-svg/AUS.svg,Australia,Sydney,#28,"The University of Sydney was founded in 1850, making it the oldest university in Australia. The public institution is...",79.9,"47,118",-24.7761086,134.755,-33.8698439,151.2082848
https://www.usnews.com/education/best-global-universities/new-york-university-193900,https://www.usnews.com/object/image/00000158-88a4-d975-af7f-ecb526090000/$161121_NYU?size=responsive300&update-time=1479761269740,New York University,https://www.usnews.com/static-atlas/assets/img/news/best-countries/flags-svg/USA.svg,United States,New York City,#31,"New York University, also known as NYU, is a private university that was founded in 1831. The university's main campus...",78.5,"36,337",39.7837304,-100.445882,40.7127281,-74.0060152
https://www.usnews.com/education/best-global-universities/washington-university-wustl-179867,https://www.usnews.com/object/image/00000158-688e-df5e-a979-6b9fcfec0000/$161115_WashU?size=responsive300&update-time=1479223571033,Washington University (WUSTL),https://www.usnews.com/static-atlas/assets/img/news/best-countries/flags-svg/USA.svg,United States,St. Louis,#32,"Washington University in St. Louis, also known as Wash U, is a private institution that was founded in 1853. The...",78.1,"14,761",39.7837304,-100.445882,38.6280278,-90.1910154
https://www.usnews.com/education/best-global-universities/university-of-edinburgh-505832,https://www.usnews.com/object/image/00000157-8ca2-ddc3-af5f-cfab484d0000/$161003_UniofEdinburgh?size=responsive300&update-time=1475533316583,University of Edinburgh,https://www.usnews.com/static-atlas/assets/img/news/best-countries/flags-svg/GBR.svg,United Kingdom,Edinburgh,#34,The University of Edinburgh is a public institution that was founded in 1583. It is spread across five campuses in...,77.8,"32,800",54.7023545,-3.2765753,55.9533456,-3.1883749
https://www.usnews.com/education/best-global-universities/university-of-british-columbia-499976,https://www.usnews.com/object/image/00000155-7e9e-d3ec-a9fd-7fdfc7240000/$160623_UBC?size=responsive300&update-time=1466708333713,University of British Columbia,https://www.usnews.com/static-atlas/assets/img/news/best-countries/flags-svg/CAN.svg,Canada,Vancouver,#35,The University of British Columbia is a public institution located in the Canadian province of British Columbia. The...,77.5,"58,590",61.0666922,-107.991707,49.2608724,-123.113952
https://www.usnews.com/education/best-global-universities/university-of-queensland-500164,https://www.usnews.com/object/image/00000157-902c-dca0-ad7f-d8bffa2f0000/$161004_UQ?size=responsive300&update-time=1475592705802,University of Queensland,https://www.usnews.com/static-atlas/assets/img/news/best-countries/flags-svg/AUS.svg,Australia,Brisbane,#36,The University of Queensland Australia is a public institution that was established in 1909. It is located in and around...,77.2,"41,372",-24.7761086,134.755,-27.4689682,153.0234991
https://www.usnews.com/education/best-global-universities/monash-university-500301,https://www.usnews.com/object/image/00000153-ec2c-d802-ab7f-feacb9230000/$160406_MonashU?size=responsive300&update-time=1459956316556,Monash University,https://www.usnews.com/static-atlas/assets/img/news/best-countries/flags-svg/AUS.svg,Australia,Clayton,#37,Monash University is a public institution that was established in 1958. It is located in the state of Victoria in...,77.0,"58,725",-24.7761086,134.755,33.5204959,-84.3591713
https://www.usnews.com/education/best-global-universities/university-of-new-south-wales-sydney-502434,https://www.usnews.com/static-atlas/assets/img/education/education.svg,University of New South Wales Sydney,https://www.usnews.com/static-atlas/assets/img/news/best-countries/flags-svg/AUS.svg,Australia,Kensington,#37,,77.0,"45,133",-24.7761086,134.755,51.4989948,-0.1991229
https://www.usnews.com/education/best-global-universities/university-of-north-carolina-chapel-hill-199120,https://www.usnews.com/object/image/00000156-2ee0-d816-abf7-aeeb86670000/$160727_university-of-north-carolina-chapel-hill-hero?size=responsive300&update-time=1562015481454,University of North Carolina Chapel Hill,https://www.usnews.com/static-atlas/assets/img/news/best-countries/flags-svg/USA.svg,United States,Chapel Hill,#41,University of North Carolina—Chapel Hill is a public institution that was founded in 1789. It has a total undergraduate...,76.7,"30,845",39.7837304,-100.445882,35.9131542,-79.05578
https://www.usnews.com/education/best-global-universities/university-of-texas-austin-228778,https://www.usnews.com/object/image/0000016c-9c02-df7f-adfe-fdd3e1ce0000/$190816university_of_texas--austin0?size=responsive300&update-time=,University of Texas Austin,https://www.usnews.com/static-atlas/assets/img/news/best-countries/flags-svg/USA.svg,United States,Austin,#43,,75.9,,39.7837304,-100.445882,30.2711286,-97.7436995
https://www.usnews.com/education/best-global-universities/university-of-pittsburgh-215293,https://www.usnews.com/object/image/0000016c-9bfb-d1ec-a97f-9bfbdf8b0000/$190816university_of_pittsburgh2?size=responsive300&update-time=,University of Pittsburgh,https://www.usnews.com/static-atlas/assets/img/news/best-countries/flags-svg/USA.svg,United States,Pittsburgh,#45,,75.6,"26,575",39.7837304,-100.445882,40.4416941,-79.9900861
https://www.usnews.com/education/best-global-universities/icahn-school-of-medicine-at-mount-sinai-193405,https://www.usnews.com/static-atlas/assets/img/education/education.svg,Icahn School of Medicine at Mount Sinai,https://www.usnews.com/static-atlas/assets/img/news/best-countries/flags-svg/USA.svg,United States,New York City,#46,,75.4,,39.7837304,-100.445882,40.7127281,-74.0060152
https://www.usnews.com/education/best-global-universities/mcgill-university-499986,https://www.usnews.com/object/image/00000156-6b7c-d0b3-ad56-ff7dbd8b0000/$160808_McGillUniversity?size=responsive300&update-time=1470682544421,McGill University,https://www.usnews.com/static-atlas/assets/img/news/best-countries/flags-svg/CAN.svg,Canada,Montreal,#54,"McGill University is a public institution that was founded in 1821 and is located in Quebec, Canada. The university has...",74.6,"32,309",61.0666922,-107.991707,45.5031824,-73.5698065
https://www.usnews.com/education/best-global-universities/ohio-state-university-204796,https://www.usnews.com/object/image/0000016c-9c08-d1ec-a97f-9c0a322b0000/$190816ohio_state_university--columbus2?size=responsive300&update-time=,Ohio State University,https://www.usnews.com/static-atlas/assets/img/news/best-countries/flags-svg/USA.svg,United States,Columbus,#55,,74.4,"55,814",39.7837304,-100.445882,39.9622601,-83.0007065
https://www.usnews.com/education/best-global-universities/university-of-maryland-college-park-163286,https://www.usnews.com/static-atlas/assets/img/education/education.svg,University of Maryland College Park,https://www.usnews.com/static-atlas/assets/img/news/best-countries/flags-svg/USA.svg,United States,College Park,#57,,74.3,"33,775",39.7837304,-100.445882,38.980666,-76.9369189
https://www.usnews.com/education/best-global-universities/university-of-minnesota-twin-cities-174066,https://www.usnews.com/object/image/0000016c-9c0e-d1ec-a97f-9c0e5cd40000/$190816university_of_minnesota--twin_cities2?size=responsive300&update-time=,University of Minnesota Twin Cities,https://www.usnews.com/static-atlas/assets/img/news/best-countries/flags-svg/USA.svg,United States,Minneapolis,#57,,74.3,"45,276",39.7837304,-100.445882,44.9772995,-93.2654692
https://www.usnews.com/education/best-global-universities/university-of-manchester-500273,https://www.usnews.com/static-atlas/assets/img/education/education.svg,University of Manchester,https://www.usnews.com/static-atlas/assets/img/news/best-countries/flags-svg/GBR.svg,United Kingdom,Manchester,#63,,73.8,,54.7023545,-3.2765753,53.4794892,-2.2451148
https://www.usnews.com/education/best-global-universities/university-of-wisconsin-madison-240444,https://www.usnews.com/object/image/0000016c-9c0a-d1ec-a97f-9c0ac2330000/$190816university_of_wisconsin--madison18?size=responsive300&update-time=,University of Wisconsin Madison,https://www.usnews.com/static-atlas/assets/img/news/best-countries/flags-svg/USA.svg,United States,Madison,#63,"The University of Wisconsin—Madison, founded in 1848, is a public university located in the U.S. Midwest. Madison is the...",73.8,"40,701",39.7837304,-100.445882,43.074761,-89.3837613
https://www.usnews.com/education/best-global-universities/emory-university-139658,https://www.usnews.com/static-atlas/assets/img/education/education.svg,Emory University,https://www.usnews.com/static-atlas/assets/img/news/best-countries/flags-svg/USA.svg,United States,Atlanta,#72,,73.0,"13,190",39.7837304,-100.445882,33.7489924,-84.3902644
https://www.usnews.com/education/best-global-universities/university-of-california-davis-110644,https://www.usnews.com/static-atlas/assets/img/education/education.svg,University of California Davis,https://www.usnews.com/static-atlas/assets/img/news/best-countries/flags-svg/USA.svg,United States,Davis,#73,,72.9,,39.7837304,-100.445882,40.7474784,-92.3965311
https://www.usnews.com/education/best-global-universities/university-of-glasgow-500110,https://www.usnews.com/static-atlas/assets/img/education/education.svg,University of Glasgow,https://www.usnews.com/static-atlas/assets/img/news/best-countries/flags-svg/GBR.svg,United Kingdom,Glasgow,#74,,72.8,"28,250",54.7023545,-3.2765753,55.861155,-4.2501687
https://www.usnews.com/education/best-global-universities/university-of-illinois-urbana-champaign-145637,https://www.usnews.com/static-atlas/assets/img/education/education.svg,University of Illinois Urbana-Champaign,https://www.usnews.com/static-atlas/assets/img/news/best-countries/flags-svg/USA.svg,United States,Champaign,#74,,72.8,,39.7837304,-100.445882,40.1164841,-88.2430932
https://www.usnews.com/education/best-global-universities/vanderbilt-university-221999,https://www.usnews.com/static-atlas/assets/img/education/education.svg,Vanderbilt University,https://www.usnews.com/static-atlas/assets/img/news/best-countries/flags-svg/USA.svg,United States,Nashville,#78,,72.7,,39.7837304,-100.445882,36.1622767,-86.7742984
https://www.usnews.com/education/best-global-universities/university-of-southern-california-123961,https://www.usnews.com/static-atlas/assets/img/education/education.svg,University of Southern California,https://www.usnews.com/static-atlas/assets/img/news/best-countries/flags-svg/USA.svg,United States,Los Angeles,#80,,72.5,"42,502",39.7837304,-100.445882,34.0536909,-118.242766
https://www.usnews.com/education/best-global-universities/university-of-tokyo-500248,https://www.usnews.com/object/image/00000157-013b-d00c-a1d7-4bbb24f90000/$160906_UTokyo?size=responsive300&update-time=1473194841577,University of Tokyo,https://www.usnews.com/static-atlas/assets/img/news/best-countries/flags-svg/JPN.svg,Japan,Tokyo,#81,"The University of Tokyo, also known as UTokyo or Todai, is a Japanese national university that was founded in 1877. The...",72.4,"26,112",36.5748441,139.2394179,35.6812665,139.757653
https://www.usnews.com/education/best-global-universities/university-of-western-australia-503979,https://www.usnews.com/static-atlas/assets/img/education/education.svg,University of Western Australia,https://www.usnews.com/static-atlas/assets/img/news/best-countries/flags-svg/AUS.svg,Australia,Crawley,#83,,72.2,"18,405",-24.7761086,134.755,51.1103444,-0.1801094
https://www.usnews.com/education/best-global-universities/pennsylvania-state-university-214777,https://www.usnews.com/static-atlas/assets/img/education/education.svg,Pennsylvania State University,https://www.usnews.com/static-atlas/assets/img/news/best-countries/flags-svg/USA.svg,United States,University Park,#84,,71.9,"46,863",39.7837304,-100.445882,41.4400344,-87.683377
https://www.usnews.com/education/best-global-universities/university-of-california-irvine-110653,https://www.usnews.com/static-atlas/assets/img/education/education.svg,University of California Irvine,https://www.usnews.com/static-atlas/assets/img/news/best-countries/flags-svg/USA.svg,United States,Irvine,#84,,71.9,"36,655",39.7837304,-100.445882,33.6856969,-117.8259819
https://www.usnews.com/education/best-global-universities/university-of-birmingham-501524,https://www.usnews.com/static-atlas/assets/img/education/education.svg,University of Birmingham,https://www.usnews.com/static-atlas/assets/img/news/best-countries/flags-svg/GBR.svg,United Kingdom,Birmingham (U.K.),#89,,71.3,"32,560",54.7023545,-3.2765753,52.4796992,-1.9026911
https://www.usnews.com/education/best-global-universities/university-of-bristol-505342,https://www.usnews.com/static-atlas/assets/img/education/education.svg,University of Bristol,https://www.usnews.com/static-atlas/assets/img/news/best-countries/flags-svg/GBR.svg,United Kingdom,Bristol,#93,,70.7,"25,660",54.7023545,-3.2765753,51.4538022,-2.5972985
https://www.usnews.com/education/best-global-universities/university-of-florida-134130,https://www.usnews.com/static-atlas/assets/img/education/education.svg,University of Florida,https://www.usnews.com/static-atlas/assets/img/news/best-countries/flags-svg/USA.svg,United States,Gainesville,#98,,70.4,"46,807",39.7837304,-100.445882,29.6519684,-82.3249846
https://www.usnews.com/education/best-global-universities/university-of-arizona-104179,https://www.usnews.com/static-atlas/assets/img/education/education.svg,University of Arizona,https://www.usnews.com/static-atlas/assets/img/news/best-countries/flags-svg/USA.svg,United States,Tucson,#108,,69.2,"39,797",39.7837304,-100.445882,32.2228765,-110.9748477
https://www.usnews.com/education/best-global-universities/university-of-technology-sydney-505153,https://www.usnews.com/static-atlas/assets/img/education/education.svg,University of Technology Sydney,https://www.usnews.com/static-atlas/assets/img/news/best-countries/flags-svg/AUS.svg,Australia,Ultimo,#112,,69.0,,-24.7761086,134.755,46.5119943,10.8994926932971
https://www.usnews.com/education/best-global-universities/michigan-state-university-171100,https://www.usnews.com/static-atlas/assets/img/education/education.svg,Michigan State University,https://www.usnews.com/static-atlas/assets/img/news/best-countries/flags-svg/USA.svg,United States,East Lansing,#116,,68.8,"45,465",39.7837304,-100.445882,42.7320307,-84.4721678
https://www.usnews.com/education/best-global-universities/university-of-virginia-234076,https://www.usnews.com/static-atlas/assets/img/education/education.svg,University of Virginia,https://www.usnews.com/static-atlas/assets/img/news/best-countries/flags-svg/USA.svg,United States,Charlottesville,#119,,68.6,,39.7837304,-100.445882,38.029306,-78.4766781
https://www.usnews.com/education/best-global-universities/london-school-of-hygiene-tropical-medicine-503353,https://www.usnews.com/static-atlas/assets/img/education/education.svg,London School of Hygiene & Tropical Medicine,https://www.usnews.com/static-atlas/assets/img/news/best-countries/flags-svg/GBR.svg,United Kingdom,London (U.K.),#129,,67.5,,54.7023545,-3.2765753,51.5073359,-0.12765
https://www.usnews.com/education/best-global-universities/university-of-texas-southwestern-medical-center-dallas-228635,https://www.usnews.com/static-atlas/assets/img/education/education.svg,University of Texas Southwestern Medical Center Dallas,https://www.usnews.com/static-atlas/assets/img/news/best-countries/flags-svg/USA.svg,United States,Dallas,#133,,67.4,,39.7837304,-100.445882,32.7762719,-96.7968559
https://www.usnews.com/education/best-global-universities/baylor-college-of-medicine-223223,https://www.usnews.com/static-atlas/assets/img/education/education.svg,Baylor College of Medicine,https://www.usnews.com/static-atlas/assets/img/news/best-countries/flags-svg/USA.svg,United States,Houston,#136,,67.1,,39.7837304,-100.445882,29.7589382,-95.3676974
https://www.usnews.com/education/best-global-universities/university-of-alberta-499977,https://www.usnews.com/object/image/00000155-9d06-d3ec-a9fd-dddfb0a90000/$160629_universityofalberta?size=responsive300&update-time=1467218510381,University of Alberta,https://www.usnews.com/static-atlas/assets/img/news/best-countries/flags-svg/CAN.svg,Canada,Edmonton,#136,The University of Alberta is a public institution that was founded in 1908. Located in the province of Alberta in...,67.1,"32,338",61.0666922,-107.991707,53.5462055,-113.491241
https://www.usnews.com/education/best-global-universities/mcmaster-university-502196,https://www.usnews.com/static-atlas/assets/img/education/education.svg,McMaster University,https://www.usnews.com/static-atlas/assets/img/news/best-countries/flags-svg/CAN.svg,Canada,Hamilton,#138,McMaster University is a public institution that was founded in 1887. The Canadian university's main campus is in a...,67.0,,61.0666922,-107.991707,43.2560802,-79.8728583
https://www.usnews.com/education/best-global-universities/kyoto-university-505388,https://www.usnews.com/object/image/0000014e-1cf4-d7a8-ab6e-def619550000/$150622_Kyoto_University_1.jpg?size=responsive300&update-time=1435004867754,Kyoto University,https://www.usnews.com/static-atlas/assets/img/news/best-countries/flags-svg/JPN.svg,Japan,Kyoto,#140,Kyoto University is a Japanese national university that was founded in 1897. Originally known as Kyoto Imperial...,66.9,,36.5748441,139.2394179,35.021041,135.7556075
https://www.usnews.com/education/best-global-universities/purdue-university-west-lafayette-campus-243780,https://www.usnews.com/static-atlas/assets/img/education/education.svg,Purdue University West Lafayette Campus,https://www.usnews.com/static-atlas/assets/img/news/best-countries/flags-svg/USA.svg,United States,West Lafayette,#140,,66.9,,39.7837304,-100.445882,40.4258686,-86.9080655
https://www.usnews.com/education/best-global-universities/university-of-leeds-505265,https://www.usnews.com/static-atlas/assets/img/education/education.svg,University of Leeds,https://www.usnews.com/static-atlas/assets/img/news/best-countries/flags-svg/GBR.svg,United Kingdom,Leeds,#140,,66.9,,54.7023545,-3.2765753,53.7974185,-1.5437941
https://www.usnews.com/education/best-global-universities/rutgers-state-university-new-brunswick-186380,https://www.usnews.com/static-atlas/assets/img/education/education.svg,Rutgers State University New Brunswick,https://www.usnews.com/static-atlas/assets/img/news/best-countries/flags-svg/USA.svg,United States,Piscataway Township,#143,,66.8,"46,158",39.7837304,-100.445882,40.5462553,-74.4660408
https://www.usnews.com/education/best-global-universities/university-of-nottingham-503548,https://www.usnews.com/static-atlas/assets/img/education/education.svg,University of Nottingham,https://www.usnews.com/static-atlas/assets/img/news/best-countries/flags-svg/GBR.svg,United Kingdom,Nottingham,#145,,66.7,,54.7023545,-3.2765753,52.9534193,-1.1496461
https://www.usnews.com/education/best-global-universities/university-of-liverpool-506611,https://www.usnews.com/static-atlas/assets/img/education/education.svg,University of Liverpool,https://www.usnews.com/static-atlas/assets/img/news/best-countries/flags-svg/GBR.svg,United Kingdom,Liverpool,#146,,66.6,"27,145",54.7023545,-3.2765753,53.4071991,-2.99168
https://www.usnews.com/education/best-global-universities/texas-am-university-college-station-228723,https://www.usnews.com/static-atlas/assets/img/education/education.svg,Texas A&M University College Station,https://www.usnews.com/static-atlas/assets/img/news/best-countries/flags-svg/USA.svg,United States,College Station,#148,,66.5,"62,931",39.7837304,-100.445882,30.5955289,-96.3071042
https://www.usnews.com/education/best-global-universities/case-western-reserve-university-201645,https://www.usnews.com/static-atlas/assets/img/education/education.svg,Case Western Reserve University,https://www.usnews.com/static-atlas/assets/img/news/best-countries/flags-svg/USA.svg,United States,Cleveland,#152,,66.1,"10,953",39.7837304,-100.445882,41.4996574,-81.6936772
https://www.usnews.com/education/best-global-universities/indiana-university-bloomington-151351,https://www.usnews.com/static-atlas/assets/img/education/education.svg,Indiana University Bloomington,https://www.usnews.com/static-atlas/assets/img/news/best-countries/flags-svg/USA.svg,United States,Bloomington,#152,,66.1,,39.7837304,-100.445882,39.1670396,-86.5342881
https://www.usnews.com/education/best-global-universities/university-of-exeter-502021,https://www.usnews.com/static-atlas/assets/img/education/education.svg,University of Exeter,https://www.usnews.com/static-atlas/assets/img/news/best-countries/flags-svg/GBR.svg,United Kingdom,Exeter,#152,,66.1,"24,940",54.7023545,-3.2765753,50.7255794,-3.5269497
https://www.usnews.com/education/best-global-universities/arizona-state-university-tempe-104151,https://www.usnews.com/static-atlas/assets/img/education/education.svg,Arizona State University-Tempe,https://www.usnews.com/static-atlas/assets/img/news/best-countries/flags-svg/USA.svg,United States,Tempe,#156,,65.9,"50,027",39.7837304,-100.445882,33.4255117,-111.9400164
https://www.usnews.com/education/best-global-universities/newcastle-university-uk-503247,https://www.usnews.com/static-atlas/assets/img/education/education.svg,Newcastle University - UK,https://www.usnews.com/static-atlas/assets/img/news/best-countries/flags-svg/GBR.svg,United Kingdom,Newcastle upon Tyne,#156,,65.9,"26,920",54.7023545,-3.2765753,54.9738474,-1.6131572
https://www.usnews.com/education/best-global-universities/universite-de-montreal-506159,https://www.usnews.com/object/image/00000155-9de0-d393-a9f5-ffe8d2810000/$160629_universityofmontreal?size=responsive300&update-time=1467232711163,Universite de Montreal,https://www.usnews.com/static-atlas/assets/img/news/best-countries/flags-svg/CAN.svg,Canada,Montreal,#156,The University of Montreal is a public institution that traces its roots back to 1878. Initially a branch of the...,65.9,"38,189",61.0666922,-107.991707,45.5031824,-73.5698065
https://www.usnews.com/education/best-global-universities/university-of-alabama-birmingham-100663,https://www.usnews.com/static-atlas/assets/img/education/education.svg,University of Alabama Birmingham,https://www.usnews.com/static-atlas/assets/img/news/best-countries/flags-svg/USA.svg,United States,Birmingham (U.S.),#160,,65.8,,39.7837304,-100.445882,14.5714689,121.0788444
https://www.usnews.com/education/best-global-universities/university-of-warwick-503443,https://www.usnews.com/static-atlas/assets/img/education/education.svg,University of Warwick,https://www.usnews.com/static-atlas/assets/img/news/best-countries/flags-svg/GBR.svg,United Kingdom,Coventry,#163,,65.7,"23,895",54.7023545,-3.2765753,52.4081812,-1.510477
https://www.usnews.com/education/best-global-universities/oregon-health-science-university-209490,https://www.usnews.com/static-atlas/assets/img/education/education.svg,Oregon Health & Science University,https://www.usnews.com/static-atlas/assets/img/news/best-countries/flags-svg/USA.svg,United States,Portland,#165,,65.5,,39.7837304,-100.445882,45.5202471,-122.674194
https://www.usnews.com/education/best-global-universities/university-of-colorado-anschutz-medical-campus-529678,https://www.usnews.com/static-atlas/assets/img/education/education.svg,University of Colorado Anschutz Medical Campus,https://www.usnews.com/static-atlas/assets/img/news/best-countries/flags-svg/USA.svg,United States,Aurora,#174,,64.4,,39.7837304,-100.445882,41.7571701,-88.3147539
https://www.usnews.com/education/best-global-universities/university-of-calgary-499975,https://www.usnews.com/static-atlas/assets/img/education/education.svg,University of Calgary,https://www.usnews.com/static-atlas/assets/img/news/best-countries/flags-svg/CAN.svg,Canada,Calgary,#175,,64.2,"33,560",61.0666922,-107.991707,51.0460954,-114.065465
https://www.usnews.com/education/best-global-universities/university-of-iowa-153658,https://www.usnews.com/static-atlas/assets/img/education/education.svg,University of Iowa,https://www.usnews.com/static-atlas/assets/img/news/best-countries/flags-svg/USA.svg,United States,Iowa City,#180,,64.0,"29,257",39.7837304,-100.445882,41.6612561,-91.5299106
https://www.usnews.com/education/best-global-universities/university-of-california-riverside-110671,https://www.usnews.com/static-atlas/assets/img/education/education.svg,University of California Riverside,https://www.usnews.com/static-atlas/assets/img/news/best-countries/flags-svg/USA.svg,United States,Riverside,#186,,63.6,"24,515",39.7837304,-100.445882,33.9533546,-117.3961623
https://www.usnews.com/education/best-global-universities/university-of-tennessee-knoxville-221759,https://www.usnews.com/static-atlas/assets/img/education/education.svg,University of Tennessee Knoxville,https://www.usnews.com/static-atlas/assets/img/news/best-countries/flags-svg/USA.svg,United States,Knoxville,#225,,61.7,"27,308",39.7837304,-100.445882,35.9603948,-83.9210261
https://www.usnews.com/education/best-global-universities/north-carolina-state-university-199193,https://www.usnews.com/static-atlas/assets/img/education/education.svg,North Carolina State University,https://www.usnews.com/static-atlas/assets/img/news/best-countries/flags-svg/USA.svg,United States,Raleigh,#230,,61.5,"31,527",39.7837304,-100.445882,35.7803977,-78.6390989
https://www.usnews.com/education/best-global-universities/tufts-university-168148,https://www.usnews.com/static-atlas/assets/img/education/education.svg,Tufts University,https://www.usnews.com/static-atlas/assets/img/news/best-countries/flags-svg/USA.svg,United States,Medford,#239,,61.1,"11,399",39.7837304,-100.445882,42.4184296,-71.1061639
https://www.usnews.com/education/best-global-universities/dartmouth-college-182670,https://www.usnews.com/static-atlas/assets/img/education/education.svg,Dartmouth College,https://www.usnews.com/static-atlas/assets/img/news/best-countries/flags-svg/USA.svg,United States,Hanover,#261,,60.1,"6,440",39.7837304,-100.445882,52.3744779,9.7385532
https://www.usnews.com/education/best-global-universities/iowa-state-university-153603,https://www.usnews.com/static-atlas/assets/img/education/education.svg,Iowa State University,https://www.usnews.com/static-atlas/assets/img/news/best-countries/flags-svg/USA.svg,United States,Ames,#263,,60.0,,39.7837304,-100.445882,50.536715,2.4086536
https://www.usnews.com/education/best-global-universities/virginia-polytechnic-institute-state-university-233921,https://www.usnews.com/static-atlas/assets/img/education/education.svg,Virginia Polytechnic Institute & State University,https://www.usnews.com/static-atlas/assets/img/news/best-countries/flags-svg/USA.svg,United States,Blacksburg,#265,,59.9,"36,512",39.7837304,-100.445882,37.2296566,-80.4136767
https://www.usnews.com/education/best-global-universities/yeshiva-university-197708,https://www.usnews.com/static-atlas/assets/img/education/education.svg,Yeshiva University,https://www.usnews.com/static-atlas/assets/img/news/best-countries/flags-svg/USA.svg,United States,New York City,#265,,59.9,,39.7837304,-100.445882,40.7127281,-74.0060152
https://www.usnews.com/education/best-global-universities/university-of-texas-health-science-center-houston-229300,https://www.usnews.com/static-atlas/assets/img/education/education.svg,University of Texas Health Science Center Houston,https://www.usnews.com/static-atlas/assets/img/news/best-countries/flags-svg/USA.svg,United States,Houston,#269,,59.7,,39.7837304,-100.445882,29.7589382,-95.3676974
https://www.usnews.com/education/best-global-universities/colorado-state-university-126818,https://www.usnews.com/static-atlas/assets/img/education/education.svg,Colorado State University,https://www.usnews.com/static-atlas/assets/img/news/best-countries/flags-svg/USA.svg,United States,Fort Collins,#276,,59.4,"29,351",39.7837304,-100.445882,40.5508527,-105.0668085
https://www.usnews.com/education/best-global-universities/university-of-aberdeen-501749,https://www.usnews.com/static-atlas/assets/img/education/education.svg,University of Aberdeen,https://www.usnews.com/static-atlas/assets/img/news/best-countries/flags-svg/GBR.svg,United Kingdom,Aberdeen,#277,,59.3,"13,010",54.7023545,-3.2765753,57.1482429,-2.0928095
https://www.usnews.com/education/best-global-universities/osaka-university-505864,https://www.usnews.com/static-atlas/assets/img/education/education.svg,Osaka University,https://www.usnews.com/static-atlas/assets/img/news/best-countries/flags-svg/JPN.svg,Japan,Suita,#286,"Osaka University, sometimes called OU, is a Japanese national university that was founded in 1931 as the sixth imperial...",59.0,"22,485",36.5748441,139.2394179,34.764884,135.51735
https://www.usnews.com/education/best-global-universities/university-of-maryland-baltimore-163259,https://www.usnews.com/static-atlas/assets/img/education/education.svg,University of Maryland Baltimore,https://www.usnews.com/static-atlas/assets/img/news/best-countries/flags-svg/USA.svg,United States,Baltimore,#286,,59.0,,39.7837304,-100.445882,39.2908816,-76.610759
https://www.usnews.com/education/best-global-universities/queens-university-belfast-505350,https://www.usnews.com/static-atlas/assets/img/education/education.svg,Queens University Belfast,https://www.usnews.com/static-atlas/assets/img/news/best-countries/flags-svg/GBR.svg,United Kingdom,Belfast,#295,,58.6,"20,195",54.7023545,-3.2765753,54.596391,-5.9301829
https://www.usnews.com/education/best-global-universities/oregon-state-university-209542,https://www.usnews.com/static-atlas/assets/img/education/education.svg,Oregon State University,https://www.usnews.com/static-atlas/assets/img/news/best-countries/flags-svg/USA.svg,United States,Corvallis,#299,,58.3,,39.7837304,-100.445882,44.5645659,-123.2620435
https://www.usnews.com/education/best-global-universities/university-of-connecticut-129020,https://www.usnews.com/static-atlas/assets/img/education/education.svg,University of Connecticut,https://www.usnews.com/static-atlas/assets/img/news/best-countries/flags-svg/USA.svg,United States,Storrs,#309,,58.0,"27,752",39.7837304,-100.445882,41.80564555,-72.25413294148728
https://www.usnews.com/education/best-global-universities/university-of-georgia-139959,https://www.usnews.com/static-atlas/assets/img/education/education.svg,University of Georgia,https://www.usnews.com/static-atlas/assets/img/news/best-countries/flags-svg/USA.svg,United States,"Athens (Georgia, U.S.)",#324,,57.3,,39.7837304,-100.445882,37.9838,23.7275
https://www.usnews.com/education/best-global-universities/washington-state-university-236939,https://www.usnews.com/static-atlas/assets/img/education/education.svg,Washington State University,https://www.usnews.com/static-atlas/assets/img/news/best-countries/flags-svg/USA.svg,United States,Pullman,#328,,57.2,"29,463",39.7837304,-100.445882,46.7304268,-117.173895
https://www.usnews.com/education/best-global-universities/university-of-east-anglia-503561,https://www.usnews.com/static-atlas/assets/img/education/education.svg,University of East Anglia,https://www.usnews.com/static-atlas/assets/img/news/best-countries/flags-svg/GBR.svg,United Kingdom,Norwich,#330,,57.0,"16,245",54.7023545,-3.2765753,52.6285576,1.2923954
https://www.usnews.com/education/best-global-universities/university-of-manitoba-503954,https://www.usnews.com/static-atlas/assets/img/education/education.svg,University of Manitoba,https://www.usnews.com/static-atlas/assets/img/news/best-countries/flags-svg/CAN.svg,Canada,Winnipeg,#372,,55.2,"29,561",61.0666922,-107.991707,49.8955367,-97.1384584
https://www.usnews.com/education/best-global-universities/laval-university-505699,https://www.usnews.com/static-atlas/assets/img/education/education.svg,Laval University,https://www.usnews.com/static-atlas/assets/img/news/best-countries/flags-svg/CAN.svg,Canada,Quebec City,#397,,54.5,"28,611",61.0666922,-107.991707,46.8137431,-71.2084061
https://www.usnews.com/education/best-global-universities/university-of-nebraska-lincoln-181464,https://www.usnews.com/static-atlas/assets/img/education/education.svg,University of Nebraska Lincoln,https://www.usnews.com/static-atlas/assets/img/news/best-countries/flags-svg/USA.svg,United States,Lincoln (U.S.),#409,,54.2,"25,055",39.7837304,-100.445882,-27.4718777,-58.9911405
https://www.usnews.com/education/best-global-universities/hokkaido-university-501928,https://www.usnews.com/static-atlas/assets/img/education/education.svg,Hokkaido University,https://www.usnews.com/static-atlas/assets/img/news/best-countries/flags-svg/JPN.svg,Japan,Sapporo,#432,,53.6,,36.5748441,139.2394179,43.061936,141.3542924
https://www.usnews.com/education/best-global-universities/university-of-saskatchewan-499969,https://www.usnews.com/static-atlas/assets/img/education/education.svg,University of Saskatchewan,https://www.usnews.com/static-atlas/assets/img/news/best-countries/flags-svg/CAN.svg,Canada,Saskatoon,#441,,53.4,"17,741",61.0666922,-107.991707,52.131802,-106.660767
https://www.usnews.com/education/best-global-universities/university-of-guelph-499974,https://www.usnews.com/static-atlas/assets/img/education/education.svg,University of Guelph,https://www.usnews.com/static-atlas/assets/img/news/best-countries/flags-svg/CAN.svg,Canada,Guelph,#497,,51.4,"22,763",61.0666922,-107.991707,43.5460516,-80.2493276
https://www.usnews.com/education/best-global-universities/kansas-state-university-155399,https://www.usnews.com/static-atlas/assets/img/education/education.svg,Kansas State University,https://www.usnews.com/static-atlas/assets/img/news/best-countries/flags-svg/USA.svg,United States,Manhattan,#507,,51.0,,39.7837304,-100.445882,40.7896239,-73.9598939
https://www.usnews.com/education/best-global-universities/university-of-texas-medical-branch-galveston-228653,https://www.usnews.com/static-atlas/assets/img/education/education.svg,University of Texas Medical Branch Galveston,https://www.usnews.com/static-atlas/assets/img/news/best-countries/flags-svg/USA.svg,United States,Galveston,#667,,46.5,,39.7837304,-100.445882,29.299328,-94.7945882
https://www.usnews.com/education/best-global-universities/murdoch-university-528818,https://www.usnews.com/static-atlas/assets/img/education/education.svg,Murdoch University,https://www.usnews.com/static-atlas/assets/img/news/best-countries/flags-svg/AUS.svg,Australia,Murdoch,#673,,46.4,"16,641",-24.7761086,134.755,-32.0664255,115.8504737
https://www.usnews.com/education/best-global-universities/nagasaki-university-503741,https://www.usnews.com/static-atlas/assets/img/education/education.svg,Nagasaki University,https://www.usnews.com/static-atlas/assets/img/news/best-countries/flags-svg/JPN.svg,Japan,Nagasaki,"#1,136",,35.7,,36.5748441,139.2394179,33.1154683,129.7874339
