University_link,Picture_Url,University_Name,nation_flag_picture,Country,City,Rank_In_World,Global_Score,Enrollment,country_latitude,country_longitude,city_latitude,city_longitude
https://www.usnews.com/education/best-global-universities/harvard-university-166027,https://www.usnews.com/object/image/0000014e-d02b-d0b6-afdf-d03b72820000/$150727harvard?size=responsive300&update-time=1444057405951,Harvard University,https://www.usnews.com/static-atlas/assets/img/news/best-countries/flags-svg/USA.svg,United States,Cambridge (U.S.),#1,100.0,"21,887",39.7837304,-100.445882,14.5706911,121.0795564
https://www.usnews.com/education/best-global-universities/massachusetts-institute-of-technology-mit-166683,https://www.usnews.com/object/image/0000014e-d05f-d0b6-afdf-d05f34b90000/$150727MIT?size=responsive300&update-time=1535646171759,Massachusetts Institute of Technology (MIT),https://www.usnews.com/static-atlas/assets/img/news/best-countries/flags-svg/USA.svg,United States,Cambridge (U.S.),#2,97.7,"11,415",39.7837304,-100.445882,14.5706911,121.0795564
https://www.usnews.com/education/best-global-universities/stanford-university-243744,https://www.usnews.com/object/image/0000016c-9bb2-d1ec-a97f-9bba269e0000/$190816stanford_university0?size=responsive300&update-time=,Stanford University,https://www.usnews.com/static-atlas/assets/img/news/best-countries/flags-svg/USA.svg,United States,Stanford,#3,95.2,"16,164",39.7837304,-100.445882,37.4265407,-122.17030545534064
https://www.usnews.com/education/best-global-universities/university-of-california-berkeley-110635,https://www.usnews.com/object/image/0000014e-d06d-d8a0-adee-fffdae2b0000/$150727Berkeley?size=responsive300&update-time=1558448629952,University of California Berkeley,https://www.usnews.com/static-atlas/assets/img/news/best-countries/flags-svg/USA.svg,United States,Berkeley,#4,88.7,"40,921",39.7837304,-100.445882,37.8708393,-122.272863
https://www.usnews.com/education/best-global-universities/university-of-oxford-503637,https://www.usnews.com/object/image/0000014e-d0b5-d0b6-afdf-d0b7fab40000/$150727Oxford?size=responsive300&update-time=1438090160344,University of Oxford,https://www.usnews.com/static-atlas/assets/img/news/best-countries/flags-svg/GBR.svg,United Kingdom,Oxford,#5,86.8,,54.7023545,-3.2765753,51.7520131,-1.2578499
https://www.usnews.com/education/best-global-universities/university-of-washington-seattle-236948,https://www.usnews.com/object/image/00000155-82e0-d393-a9f5-fae850c30000/$160624_university_of_washington?size=responsive300&update-time=1466789774392,University of Washington Seattle,https://www.usnews.com/static-atlas/assets/img/news/best-countries/flags-svg/USA.svg,United States,Seattle,#6,86.6,"47,727",39.7837304,-100.445882,47.6038321,-122.330062
https://www.usnews.com/education/best-global-universities/columbia-university-190150,https://www.usnews.com/object/image/0000014e-d115-d0b6-afdf-d1177b780000/$150727Columbia?size=responsive300&update-time=1476994392682,Columbia University,https://www.usnews.com/static-atlas/assets/img/news/best-countries/flags-svg/USA.svg,United States,New York City,#7,86.5,"21,781",39.7837304,-100.445882,40.7127281,-74.0060152
https://www.usnews.com/education/best-global-universities/university-of-cambridge-502149,https://www.usnews.com/object/image/0000014e-d0dd-d0b6-afdf-d0dfa5e00000/$150727Cambridge?size=responsive300&update-time=1475263504175,University of Cambridge,https://www.usnews.com/static-atlas/assets/img/news/best-countries/flags-svg/GBR.svg,United Kingdom,Cambridge (U.K.),#8,86.1,"20,385",54.7023545,-3.2765753,52.2055314,0.1186637
https://www.usnews.com/education/best-global-universities/california-institute-of-technology-110404,https://www.usnews.com/object/image/0000014e-d0ea-d0b6-afdf-d0fa07120000/$150727Caltech?size=responsive300&update-time=1438024214020,California Institute of Technology,https://www.usnews.com/static-atlas/assets/img/news/best-countries/flags-svg/USA.svg,United States,Pasadena,#9,85.6,"2,237",39.7837304,-100.445882,34.1476452,-118.1444779
https://www.usnews.com/education/best-global-universities/johns-hopkins-university-162928,https://www.usnews.com/object/image/00000155-82e7-d393-a9f5-faefdefc0000/$160624_johns_hopkins_university?size=responsive300&update-time=1466789856391,Johns Hopkins University,https://www.usnews.com/static-atlas/assets/img/news/best-countries/flags-svg/USA.svg,United States,Baltimore,#10,84.7,"17,584",39.7837304,-100.445882,39.2908816,-76.610759
https://www.usnews.com/education/best-global-universities/yale-university-130794,https://www.usnews.com/object/image/00000148-c6fa-d81c-a5f8-f6fb25e40000/$140930_Yale?size=responsive300&update-time=1412088338375,Yale University,https://www.usnews.com/static-atlas/assets/img/news/best-countries/flags-svg/USA.svg,United States,New Haven,#11,84.6,"13,482",39.7837304,-100.445882,41.3082138,-72.9250518
https://www.usnews.com/education/best-global-universities/university-college-london-501693,https://www.usnews.com/object/image/00000157-8cae-dca0-ad7f-ccbf42550000/$161003_UCL?size=responsive300&update-time=1475534101225,University College London,https://www.usnews.com/static-atlas/assets/img/news/best-countries/flags-svg/GBR.svg,United Kingdom,London (U.K.),#12,84.4,"36,900",54.7023545,-3.2765753,51.5073359,-0.12765
https://www.usnews.com/education/best-global-universities/imperial-college-london-505571,https://www.usnews.com/object/image/00000152-12d6-dafd-add2-b3f6ec120000/$160105_ImperialCollegeLondon?size=responsive300&update-time=1467838338695,Imperial College London,https://www.usnews.com/static-atlas/assets/img/news/best-countries/flags-svg/GBR.svg,United Kingdom,London (U.K.),#13,84.3,"18,455",54.7023545,-3.2765753,51.5073359,-0.12765
https://www.usnews.com/education/best-global-universities/university-of-california-los-angeles-110662,https://www.usnews.com/object/image/0000014e-d0f0-d8a0-adee-fff068d40000/$150727UCLA?size=responsive300&update-time=1438024763242,University of California Los Angeles,https://www.usnews.com/static-atlas/assets/img/news/best-countries/flags-svg/USA.svg,United States,Los Angeles,#14,84.2,"43,289",39.7837304,-100.445882,34.0536909,-118.242766
https://www.usnews.com/education/best-global-universities/university-of-pennsylvania-215062,https://www.usnews.com/object/image/00000147-d5c9-d2c9-a37f-ddffc0770000/$140814_upenn_courtyard_EDITORIALONLY?size=responsive300&update-time=1408993165080,University of Pennsylvania,https://www.usnews.com/static-atlas/assets/img/news/best-countries/flags-svg/USA.svg,United States,Philadelphia,#15,84.0,"21,453",39.7837304,-100.445882,39.9527237,-75.1635262
https://www.usnews.com/education/best-global-universities/princeton-university-186131,https://www.usnews.com/object/image/00000155-82f6-d393-a9f5-fafea4040000/$160624_princeton?size=responsive300&update-time=1466789902421,Princeton University,https://www.usnews.com/static-atlas/assets/img/news/best-countries/flags-svg/USA.svg,United States,Princeton,#16,83.9,,39.7837304,-100.445882,40.3492744,-74.6592958
https://www.usnews.com/education/best-global-universities/university-of-toronto-499968,https://www.usnews.com/object/image/00000155-8341-d393-a9f5-fbe9b3ad0000/$160624_university_of_toronto?size=responsive300&update-time=1558360216697,University of Toronto,https://www.usnews.com/static-atlas/assets/img/news/best-countries/flags-svg/CAN.svg,Canada,Toronto,#18,83.8,"77,468",61.0666922,-107.991707,43.6534817,-79.3839347
https://www.usnews.com/education/best-global-universities/university-of-michigan-170976,https://www.usnews.com/object/image/00000155-8352-d3ec-a9fd-cbdf64dd0000/$160624_university_of_michigan?size=responsive300&update-time=1467820566023,University of Michigan,https://www.usnews.com/static-atlas/assets/img/news/best-countries/flags-svg/USA.svg,United States,Ann Arbor,#19,83.4,"46,146",39.7837304,-100.445882,42.2681569,-83.7312291
https://www.usnews.com/education/best-global-universities/university-of-california-san-diego-110680,https://www.usnews.com/object/image/00000148-a3d3-d3b0-a3fc-b3dbb41f0000/$140923_UniversityofCaliforniaSanDiego?size=responsive300&update-time=1442948636561,University of California San Diego,https://www.usnews.com/static-atlas/assets/img/news/best-countries/flags-svg/USA.svg,United States,La Jolla,#20,83.3,,39.7837304,-100.445882,32.8401623,-117.2740777
https://www.usnews.com/education/best-global-universities/cornell-university-190415,https://www.usnews.com/object/image/00000158-2636-d7c3-a3ff-f7767d480000/$161102_Cornell?size=responsive300&update-time=1479223700443,Cornell University,https://www.usnews.com/static-atlas/assets/img/news/best-countries/flags-svg/USA.svg,United States,Ithaca,#21,82.9,"24,027",39.7837304,-100.445882,42.4396039,-76.4968019
https://www.usnews.com/education/best-global-universities/university-of-chicago-144050,https://www.usnews.com/object/image/00000147-f4cb-d2c9-a37f-fdffc2c00000/$140820_universityofchicagocampus?size=responsive300&update-time=1444057324733,University of Chicago,https://www.usnews.com/static-atlas/assets/img/news/best-countries/flags-svg/USA.svg,United States,Chicago,#22,82.5,,39.7837304,-100.445882,41.8755616,-87.6244212
https://www.usnews.com/education/best-global-universities/northwestern-university-147767,https://www.usnews.com/object/image/00000158-6894-d46e-a7fe-6cb7c1ad0000/$161115_Northwestern?size=responsive300&update-time=1479223601773,Northwestern University,https://www.usnews.com/static-atlas/assets/img/news/best-countries/flags-svg/USA.svg,United States,Evanston,#24,81.2,"18,803",39.7837304,-100.445882,42.0447388,-87.6930459
https://www.usnews.com/education/best-global-universities/duke-university-198419,https://www.usnews.com/object/image/00000155-838b-d393-a9f5-fbabb8f80000/$160624_duke_university?size=responsive300&update-time=1467822498181,Duke University,https://www.usnews.com/static-atlas/assets/img/news/best-countries/flags-svg/USA.svg,United States,"Durham (North Carolina, U.S.)",#25,80.7,,39.7837304,-100.445882,35.994,78.8986
https://www.usnews.com/education/best-global-universities/university-of-melbourne-501796,https://www.usnews.com/static-atlas/assets/img/education/education.svg,University of Melbourne,https://www.usnews.com/static-atlas/assets/img/news/best-countries/flags-svg/AUS.svg,Australia,Parkville,#27,80.3,,-24.7761086,134.755,39.3868522,-76.55086176363942
https://www.usnews.com/education/best-global-universities/university-of-sydney-505369,https://www.usnews.com/object/image/00000157-8ffc-dca0-ad7f-cfffa0010000/$161004_UniofSydney?size=responsive300&update-time=1475589551709,University of Sydney,https://www.usnews.com/static-atlas/assets/img/news/best-countries/flags-svg/AUS.svg,Australia,Sydney,#28,79.9,"47,118",-24.7761086,134.755,-33.8698439,151.2082848
https://www.usnews.com/education/best-global-universities/new-york-university-193900,https://www.usnews.com/object/image/00000158-88a4-d975-af7f-ecb526090000/$161121_NYU?size=responsive300&update-time=1479761269740,New York University,https://www.usnews.com/static-atlas/assets/img/news/best-countries/flags-svg/USA.svg,United States,New York City,#31,78.5,"36,337",39.7837304,-100.445882,40.7127281,-74.0060152
https://www.usnews.com/education/best-global-universities/washington-university-wustl-179867,https://www.usnews.com/object/image/00000158-688e-df5e-a979-6b9fcfec0000/$161115_WashU?size=responsive300&update-time=1479223571033,Washington University (WUSTL),https://www.usnews.com/static-atlas/assets/img/news/best-countries/flags-svg/USA.svg,United States,St. Louis,#32,78.1,"14,761",39.7837304,-100.445882,38.6280278,-90.1910154
https://www.usnews.com/education/best-global-universities/kings-college-london-500330,https://www.usnews.com/static-atlas/assets/img/education/education.svg,King's College London,https://www.usnews.com/static-atlas/assets/img/news/best-countries/flags-svg/GBR.svg,United Kingdom,London (U.K.),#33,77.9,"29,240",54.7023545,-3.2765753,51.5073359,-0.12765
https://www.usnews.com/education/best-global-universities/university-of-edinburgh-505832,https://www.usnews.com/object/image/00000157-8ca2-ddc3-af5f-cfab484d0000/$161003_UniofEdinburgh?size=responsive300&update-time=1475533316583,University of Edinburgh,https://www.usnews.com/static-atlas/assets/img/news/best-countries/flags-svg/GBR.svg,United Kingdom,Edinburgh,#34,77.8,"32,800",54.7023545,-3.2765753,55.9533456,-3.1883749
https://www.usnews.com/education/best-global-universities/university-of-british-columbia-499976,https://www.usnews.com/object/image/00000155-7e9e-d3ec-a9fd-7fdfc7240000/$160623_UBC?size=responsive300&update-time=1466708333713,University of British Columbia,https://www.usnews.com/static-atlas/assets/img/news/best-countries/flags-svg/CAN.svg,Canada,Vancouver,#35,77.5,"58,590",61.0666922,-107.991707,49.2608724,-123.113952
https://www.usnews.com/education/best-global-universities/university-of-queensland-500164,https://www.usnews.com/object/image/00000157-902c-dca0-ad7f-d8bffa2f0000/$161004_UQ?size=responsive300&update-time=1475592705802,University of Queensland,https://www.usnews.com/static-atlas/assets/img/news/best-countries/flags-svg/AUS.svg,Australia,Brisbane,#36,77.2,"41,372",-24.7761086,134.755,-27.4689682,153.0234991
https://www.usnews.com/education/best-global-universities/monash-university-500301,https://www.usnews.com/object/image/00000153-ec2c-d802-ab7f-feacb9230000/$160406_MonashU?size=responsive300&update-time=1459956316556,Monash University,https://www.usnews.com/static-atlas/assets/img/news/best-countries/flags-svg/AUS.svg,Australia,Clayton,#37,77.0,"58,725",-24.7761086,134.755,33.5204959,-84.3591713
https://www.usnews.com/education/best-global-universities/university-of-new-south-wales-sydney-502434,https://www.usnews.com/static-atlas/assets/img/education/education.svg,University of New South Wales Sydney,https://www.usnews.com/static-atlas/assets/img/news/best-countries/flags-svg/AUS.svg,Australia,Kensington,#37,77.0,"45,133",-24.7761086,134.755,51.4989948,-0.1991229
https://www.usnews.com/education/best-global-universities/university-of-north-carolina-chapel-hill-199120,https://www.usnews.com/object/image/00000156-2ee0-d816-abf7-aeeb86670000/$160727_university-of-north-carolina-chapel-hill-hero?size=responsive300&update-time=1562015481454,University of North Carolina Chapel Hill,https://www.usnews.com/static-atlas/assets/img/news/best-countries/flags-svg/USA.svg,United States,Chapel Hill,#41,76.7,"30,845",39.7837304,-100.445882,35.9131542,-79.05578
https://www.usnews.com/education/best-global-universities/university-of-texas-austin-228778,https://www.usnews.com/object/image/0000016c-9c02-df7f-adfe-fdd3e1ce0000/$190816university_of_texas--austin0?size=responsive300&update-time=,University of Texas Austin,https://www.usnews.com/static-atlas/assets/img/news/best-countries/flags-svg/USA.svg,United States,Austin,#43,75.9,,39.7837304,-100.445882,30.2711286,-97.7436995
https://www.usnews.com/education/best-global-universities/university-of-pittsburgh-215293,https://www.usnews.com/object/image/0000016c-9bfb-d1ec-a97f-9bfbdf8b0000/$190816university_of_pittsburgh2?size=responsive300&update-time=,University of Pittsburgh,https://www.usnews.com/static-atlas/assets/img/news/best-countries/flags-svg/USA.svg,United States,Pittsburgh,#45,75.6,"26,575",39.7837304,-100.445882,40.4416941,-79.9900861
https://www.usnews.com/education/best-global-universities/georgia-institute-of-technology-139755,https://www.usnews.com/static-atlas/assets/img/education/education.svg,Georgia Institute of Technology,https://www.usnews.com/static-atlas/assets/img/news/best-countries/flags-svg/USA.svg,United States,Atlanta,#51,74.9,,39.7837304,-100.445882,33.7489924,-84.3902644
https://www.usnews.com/education/best-global-universities/mcgill-university-499986,https://www.usnews.com/object/image/00000156-6b7c-d0b3-ad56-ff7dbd8b0000/$160808_McGillUniversity?size=responsive300&update-time=1470682544421,McGill University,https://www.usnews.com/static-atlas/assets/img/news/best-countries/flags-svg/CAN.svg,Canada,Montreal,#54,74.6,"32,309",61.0666922,-107.991707,45.5031824,-73.5698065
https://www.usnews.com/education/best-global-universities/ohio-state-university-204796,https://www.usnews.com/object/image/0000016c-9c08-d1ec-a97f-9c0a322b0000/$190816ohio_state_university--columbus2?size=responsive300&update-time=,Ohio State University,https://www.usnews.com/static-atlas/assets/img/news/best-countries/flags-svg/USA.svg,United States,Columbus,#55,74.4,"55,814",39.7837304,-100.445882,39.9622601,-83.0007065
https://www.usnews.com/education/best-global-universities/university-of-maryland-college-park-163286,https://www.usnews.com/static-atlas/assets/img/education/education.svg,University of Maryland College Park,https://www.usnews.com/static-atlas/assets/img/news/best-countries/flags-svg/USA.svg,United States,College Park,#57,74.3,"33,775",39.7837304,-100.445882,38.980666,-76.9369189
https://www.usnews.com/education/best-global-universities/university-of-minnesota-twin-cities-174066,https://www.usnews.com/object/image/0000016c-9c0e-d1ec-a97f-9c0e5cd40000/$190816university_of_minnesota--twin_cities2?size=responsive300&update-time=,University of Minnesota Twin Cities,https://www.usnews.com/static-atlas/assets/img/news/best-countries/flags-svg/USA.svg,United States,Minneapolis,#57,74.3,"45,276",39.7837304,-100.445882,44.9772995,-93.2654692
https://www.usnews.com/education/best-global-universities/australian-national-university-503825,https://www.usnews.com/object/image/00000157-9042-ddc3-af5f-dbebc79a0000/$161004_ANU?size=responsive300&update-time=1475594208348,Australian National University,https://www.usnews.com/static-atlas/assets/img/news/best-countries/flags-svg/AUS.svg,Australia,Canberra,#62,73.9,"16,758",-24.7761086,134.755,-35.2975906,149.1012676
https://www.usnews.com/education/best-global-universities/university-of-manchester-500273,https://www.usnews.com/static-atlas/assets/img/education/education.svg,University of Manchester,https://www.usnews.com/static-atlas/assets/img/news/best-countries/flags-svg/GBR.svg,United Kingdom,Manchester,#63,73.8,,54.7023545,-3.2765753,53.4794892,-2.2451148
https://www.usnews.com/education/best-global-universities/university-of-wisconsin-madison-240444,https://www.usnews.com/object/image/0000016c-9c0a-d1ec-a97f-9c0ac2330000/$190816university_of_wisconsin--madison18?size=responsive300&update-time=,University of Wisconsin Madison,https://www.usnews.com/static-atlas/assets/img/news/best-countries/flags-svg/USA.svg,United States,Madison,#63,73.8,"40,701",39.7837304,-100.445882,43.074761,-89.3837613
https://www.usnews.com/education/best-global-universities/university-of-california-santa-barbara-110705,https://www.usnews.com/object/image/00000158-689d-d46e-a7fe-6cbf99a30000/$161115_UCSantaBarbara?size=responsive300&update-time=1479223988936,University of California Santa Barbara,https://www.usnews.com/static-atlas/assets/img/news/best-countries/flags-svg/USA.svg,United States,Santa Barbara,#67,73.3,,39.7837304,-100.445882,34.4221319,-119.702667
https://www.usnews.com/education/best-global-universities/boston-university-164988,https://www.usnews.com/static-atlas/assets/img/education/education.svg,Boston University,https://www.usnews.com/static-atlas/assets/img/news/best-countries/flags-svg/USA.svg,United States,Boston,#70,73.1,"27,243",39.7837304,-100.445882,42.3554334,-71.060511
https://www.usnews.com/education/best-global-universities/university-of-colorado-boulder-126614,https://www.usnews.com/static-atlas/assets/img/education/education.svg,University of Colorado Boulder,https://www.usnews.com/static-atlas/assets/img/news/best-countries/flags-svg/USA.svg,United States,Boulder,#70,73.1,"34,928",39.7837304,-100.445882,40.0149856,-105.270545
https://www.usnews.com/education/best-global-universities/university-of-california-davis-110644,https://www.usnews.com/static-atlas/assets/img/education/education.svg,University of California Davis,https://www.usnews.com/static-atlas/assets/img/news/best-countries/flags-svg/USA.svg,United States,Davis,#73,72.9,,39.7837304,-100.445882,40.7474784,-92.3965311
https://www.usnews.com/education/best-global-universities/university-of-adelaide-504015,https://www.usnews.com/static-atlas/assets/img/education/education.svg,University of Adelaide,https://www.usnews.com/static-atlas/assets/img/news/best-countries/flags-svg/AUS.svg,Australia,Adelaide,#74,72.8,"23,102",-24.7761086,134.755,-34.9281805,138.5999312
https://www.usnews.com/education/best-global-universities/university-of-glasgow-500110,https://www.usnews.com/static-atlas/assets/img/education/education.svg,University of Glasgow,https://www.usnews.com/static-atlas/assets/img/news/best-countries/flags-svg/GBR.svg,United Kingdom,Glasgow,#74,72.8,"28,250",54.7023545,-3.2765753,55.861155,-4.2501687
https://www.usnews.com/education/best-global-universities/university-of-illinois-urbana-champaign-145637,https://www.usnews.com/static-atlas/assets/img/education/education.svg,University of Illinois Urbana-Champaign,https://www.usnews.com/static-atlas/assets/img/news/best-countries/flags-svg/USA.svg,United States,Champaign,#74,72.8,,39.7837304,-100.445882,40.1164841,-88.2430932
https://www.usnews.com/education/best-global-universities/vanderbilt-university-221999,https://www.usnews.com/static-atlas/assets/img/education/education.svg,Vanderbilt University,https://www.usnews.com/static-atlas/assets/img/news/best-countries/flags-svg/USA.svg,United States,Nashville,#78,72.7,,39.7837304,-100.445882,36.1622767,-86.7742984
https://www.usnews.com/education/best-global-universities/university-of-southern-california-123961,https://www.usnews.com/static-atlas/assets/img/education/education.svg,University of Southern California,https://www.usnews.com/static-atlas/assets/img/news/best-countries/flags-svg/USA.svg,United States,Los Angeles,#80,72.5,"42,502",39.7837304,-100.445882,34.0536909,-118.242766
https://www.usnews.com/education/best-global-universities/university-of-tokyo-500248,https://www.usnews.com/object/image/00000157-013b-d00c-a1d7-4bbb24f90000/$160906_UTokyo?size=responsive300&update-time=1473194841577,University of Tokyo,https://www.usnews.com/static-atlas/assets/img/news/best-countries/flags-svg/JPN.svg,Japan,Tokyo,#81,72.4,"26,112",36.5748441,139.2394179,35.6812665,139.757653
https://www.usnews.com/education/best-global-universities/university-of-western-australia-503979,https://www.usnews.com/static-atlas/assets/img/education/education.svg,University of Western Australia,https://www.usnews.com/static-atlas/assets/img/news/best-countries/flags-svg/AUS.svg,Australia,Crawley,#83,72.2,"18,405",-24.7761086,134.755,51.1103444,-0.1801094
https://www.usnews.com/education/best-global-universities/pennsylvania-state-university-214777,https://www.usnews.com/static-atlas/assets/img/education/education.svg,Pennsylvania State University,https://www.usnews.com/static-atlas/assets/img/news/best-countries/flags-svg/USA.svg,United States,University Park,#84,71.9,"46,863",39.7837304,-100.445882,41.4400344,-87.683377
https://www.usnews.com/education/best-global-universities/university-of-california-irvine-110653,https://www.usnews.com/static-atlas/assets/img/education/education.svg,University of California Irvine,https://www.usnews.com/static-atlas/assets/img/news/best-countries/flags-svg/USA.svg,United States,Irvine,#84,71.9,"36,655",39.7837304,-100.445882,33.6856969,-117.8259819
https://www.usnews.com/education/best-global-universities/university-of-birmingham-501524,https://www.usnews.com/static-atlas/assets/img/education/education.svg,University of Birmingham,https://www.usnews.com/static-atlas/assets/img/news/best-countries/flags-svg/GBR.svg,United Kingdom,Birmingham (U.K.),#89,71.3,"32,560",54.7023545,-3.2765753,52.4796992,-1.9026911
https://www.usnews.com/education/best-global-universities/university-of-bristol-505342,https://www.usnews.com/static-atlas/assets/img/education/education.svg,University of Bristol,https://www.usnews.com/static-atlas/assets/img/news/best-countries/flags-svg/GBR.svg,United Kingdom,Bristol,#93,70.7,"25,660",54.7023545,-3.2765753,51.4538022,-2.5972985
https://www.usnews.com/education/best-global-universities/university-of-florida-134130,https://www.usnews.com/static-atlas/assets/img/education/education.svg,University of Florida,https://www.usnews.com/static-atlas/assets/img/news/best-countries/flags-svg/USA.svg,United States,Gainesville,#98,70.4,"46,807",39.7837304,-100.445882,29.6519684,-82.3249846
https://www.usnews.com/education/best-global-universities/queen-mary-university-london-503389,https://www.usnews.com/static-atlas/assets/img/education/education.svg,Queen Mary University London,https://www.usnews.com/static-atlas/assets/img/news/best-countries/flags-svg/GBR.svg,United Kingdom,London (U.K.),#100,70.2,"20,485",54.7023545,-3.2765753,51.5073359,-0.12765
https://www.usnews.com/education/best-global-universities/rockefeller-university-195049,https://www.usnews.com/static-atlas/assets/img/education/education.svg,Rockefeller University,https://www.usnews.com/static-atlas/assets/img/news/best-countries/flags-svg/USA.svg,United States,New York City,#103,70.0,255,39.7837304,-100.445882,40.7127281,-74.0060152
https://www.usnews.com/education/best-global-universities/university-of-southampton-504892,https://www.usnews.com/static-atlas/assets/img/education/education.svg,University of Southampton,https://www.usnews.com/static-atlas/assets/img/news/best-countries/flags-svg/GBR.svg,United Kingdom,Southampton,#104,69.7,,54.7023545,-3.2765753,50.9025349,-1.404189
https://www.usnews.com/education/best-global-universities/university-of-california-santa-cruz-110714,https://www.usnews.com/object/image/00000158-691d-df5e-a979-6b9f4e120000/$161115_UC_santacruz.jpg?size=responsive300&update-time=1479232363223,University of California Santa Cruz,https://www.usnews.com/static-atlas/assets/img/news/best-countries/flags-svg/USA.svg,United States,Santa Cruz,#105,69.5,"19,494",39.7837304,-100.445882,28.469648,-16.2540884
https://www.usnews.com/education/best-global-universities/university-of-arizona-104179,https://www.usnews.com/static-atlas/assets/img/education/education.svg,University of Arizona,https://www.usnews.com/static-atlas/assets/img/news/best-countries/flags-svg/USA.svg,United States,Tucson,#108,69.2,"39,797",39.7837304,-100.445882,32.2228765,-110.9748477
https://www.usnews.com/education/best-global-universities/university-of-technology-sydney-505153,https://www.usnews.com/static-atlas/assets/img/education/education.svg,University of Technology Sydney,https://www.usnews.com/static-atlas/assets/img/news/best-countries/flags-svg/AUS.svg,Australia,Ultimo,#112,69.0,,-24.7761086,134.755,46.5119943,10.8994926932971
https://www.usnews.com/education/best-global-universities/michigan-state-university-171100,https://www.usnews.com/static-atlas/assets/img/education/education.svg,Michigan State University,https://www.usnews.com/static-atlas/assets/img/news/best-countries/flags-svg/USA.svg,United States,East Lansing,#116,68.8,"45,465",39.7837304,-100.445882,42.7320307,-84.4721678
https://www.usnews.com/education/best-global-universities/carnegie-mellon-university-211440,https://www.usnews.com/static-atlas/assets/img/education/education.svg,Carnegie Mellon University,https://www.usnews.com/static-atlas/assets/img/news/best-countries/flags-svg/USA.svg,United States,Pittsburgh,#118,68.7,,39.7837304,-100.445882,40.4416941,-79.9900861
https://www.usnews.com/education/best-global-universities/university-of-virginia-234076,https://www.usnews.com/static-atlas/assets/img/education/education.svg,University of Virginia,https://www.usnews.com/static-atlas/assets/img/news/best-countries/flags-svg/USA.svg,United States,Charlottesville,#119,68.6,,39.7837304,-100.445882,38.029306,-78.4766781
https://www.usnews.com/education/best-global-universities/brown-university-217156,https://www.usnews.com/static-atlas/assets/img/education/education.svg,Brown University,https://www.usnews.com/static-atlas/assets/img/news/best-countries/flags-svg/USA.svg,United States,Providence,#129,67.5,"10,037",39.7837304,-100.445882,41.8239891,-71.4128343
https://www.usnews.com/education/best-global-universities/university-of-sheffield-503922,https://www.usnews.com/static-atlas/assets/img/education/education.svg,University of Sheffield,https://www.usnews.com/static-atlas/assets/img/news/best-countries/flags-svg/GBR.svg,United Kingdom,Sheffield,#134,67.3,"27,840",54.7023545,-3.2765753,53.3806626,-1.4702278
https://www.usnews.com/education/best-global-universities/university-of-alberta-499977,https://www.usnews.com/object/image/00000155-9d06-d3ec-a9fd-dddfb0a90000/$160629_universityofalberta?size=responsive300&update-time=1467218510381,University of Alberta,https://www.usnews.com/static-atlas/assets/img/news/best-countries/flags-svg/CAN.svg,Canada,Edmonton,#136,67.1,"32,338",61.0666922,-107.991707,53.5462055,-113.491241
https://www.usnews.com/education/best-global-universities/kyoto-university-505388,https://www.usnews.com/object/image/0000014e-1cf4-d7a8-ab6e-def619550000/$150622_Kyoto_University_1.jpg?size=responsive300&update-time=1435004867754,Kyoto University,https://www.usnews.com/static-atlas/assets/img/news/best-countries/flags-svg/JPN.svg,Japan,Kyoto,#140,66.9,,36.5748441,139.2394179,35.021041,135.7556075
https://www.usnews.com/education/best-global-universities/purdue-university-west-lafayette-campus-243780,https://www.usnews.com/static-atlas/assets/img/education/education.svg,Purdue University West Lafayette Campus,https://www.usnews.com/static-atlas/assets/img/news/best-countries/flags-svg/USA.svg,United States,West Lafayette,#140,66.9,,39.7837304,-100.445882,40.4258686,-86.9080655
https://www.usnews.com/education/best-global-universities/university-of-leeds-505265,https://www.usnews.com/static-atlas/assets/img/education/education.svg,University of Leeds,https://www.usnews.com/static-atlas/assets/img/news/best-countries/flags-svg/GBR.svg,United Kingdom,Leeds,#140,66.9,,54.7023545,-3.2765753,53.7974185,-1.5437941
https://www.usnews.com/education/best-global-universities/rutgers-state-university-new-brunswick-186380,https://www.usnews.com/static-atlas/assets/img/education/education.svg,Rutgers State University New Brunswick,https://www.usnews.com/static-atlas/assets/img/news/best-countries/flags-svg/USA.svg,United States,Piscataway Township,#143,66.8,"46,158",39.7837304,-100.445882,40.5462553,-74.4660408
https://www.usnews.com/education/best-global-universities/university-of-nottingham-503548,https://www.usnews.com/static-atlas/assets/img/education/education.svg,University of Nottingham,https://www.usnews.com/static-atlas/assets/img/news/best-countries/flags-svg/GBR.svg,United Kingdom,Nottingham,#145,66.7,,54.7023545,-3.2765753,52.9534193,-1.1496461
https://www.usnews.com/education/best-global-universities/university-of-liverpool-506611,https://www.usnews.com/static-atlas/assets/img/education/education.svg,University of Liverpool,https://www.usnews.com/static-atlas/assets/img/news/best-countries/flags-svg/GBR.svg,United Kingdom,Liverpool,#146,66.6,"27,145",54.7023545,-3.2765753,53.4071991,-2.99168
https://www.usnews.com/education/best-global-universities/texas-am-university-college-station-228723,https://www.usnews.com/static-atlas/assets/img/education/education.svg,Texas A&M University College Station,https://www.usnews.com/static-atlas/assets/img/news/best-countries/flags-svg/USA.svg,United States,College Station,#148,66.5,"62,931",39.7837304,-100.445882,30.5955289,-96.3071042
https://www.usnews.com/education/best-global-universities/cardiff-university-500071,https://www.usnews.com/static-atlas/assets/img/education/education.svg,Cardiff University,https://www.usnews.com/static-atlas/assets/img/news/best-countries/flags-svg/GBR.svg,United Kingdom,Cardiff,#152,66.1,,54.7023545,-3.2765753,51.4816546,-3.1791934
https://www.usnews.com/education/best-global-universities/case-western-reserve-university-201645,https://www.usnews.com/static-atlas/assets/img/education/education.svg,Case Western Reserve University,https://www.usnews.com/static-atlas/assets/img/news/best-countries/flags-svg/USA.svg,United States,Cleveland,#152,66.1,"10,953",39.7837304,-100.445882,41.4996574,-81.6936772
https://www.usnews.com/education/best-global-universities/indiana-university-bloomington-151351,https://www.usnews.com/static-atlas/assets/img/education/education.svg,Indiana University Bloomington,https://www.usnews.com/static-atlas/assets/img/news/best-countries/flags-svg/USA.svg,United States,Bloomington,#152,66.1,,39.7837304,-100.445882,39.1670396,-86.5342881
https://www.usnews.com/education/best-global-universities/university-of-exeter-502021,https://www.usnews.com/static-atlas/assets/img/education/education.svg,University of Exeter,https://www.usnews.com/static-atlas/assets/img/news/best-countries/flags-svg/GBR.svg,United Kingdom,Exeter,#152,66.1,"24,940",54.7023545,-3.2765753,50.7255794,-3.5269497
https://www.usnews.com/education/best-global-universities/arizona-state-university-tempe-104151,https://www.usnews.com/static-atlas/assets/img/education/education.svg,Arizona State University-Tempe,https://www.usnews.com/static-atlas/assets/img/news/best-countries/flags-svg/USA.svg,United States,Tempe,#156,65.9,"50,027",39.7837304,-100.445882,33.4255117,-111.9400164
https://www.usnews.com/education/best-global-universities/universite-de-montreal-506159,https://www.usnews.com/object/image/00000155-9de0-d393-a9f5-ffe8d2810000/$160629_universityofmontreal?size=responsive300&update-time=1467232711163,Universite de Montreal,https://www.usnews.com/static-atlas/assets/img/news/best-countries/flags-svg/CAN.svg,Canada,Montreal,#156,65.9,"38,189",61.0666922,-107.991707,45.5031824,-73.5698065
https://www.usnews.com/education/best-global-universities/university-of-massachusetts-amherst-166629,https://www.usnews.com/static-atlas/assets/img/education/education.svg,University of Massachusetts Amherst,https://www.usnews.com/static-atlas/assets/img/news/best-countries/flags-svg/USA.svg,United States,Amherst,#160,65.8,,39.7837304,-100.445882,42.3685658,-72.505714
https://www.usnews.com/education/best-global-universities/university-of-warwick-503443,https://www.usnews.com/static-atlas/assets/img/education/education.svg,University of Warwick,https://www.usnews.com/static-atlas/assets/img/news/best-countries/flags-svg/GBR.svg,United Kingdom,Coventry,#163,65.7,"23,895",54.7023545,-3.2765753,52.4081812,-1.510477
https://www.usnews.com/education/best-global-universities/university-of-utah-230764,https://www.usnews.com/static-atlas/assets/img/education/education.svg,University of Utah,https://www.usnews.com/static-atlas/assets/img/news/best-countries/flags-svg/USA.svg,United States,Salt Lake City,#167,65.4,"30,967",39.7837304,-100.445882,40.7596198,-111.886797
https://www.usnews.com/education/best-global-universities/university-of-rochester-195030,https://www.usnews.com/static-atlas/assets/img/education/education.svg,University of Rochester,https://www.usnews.com/static-atlas/assets/img/news/best-countries/flags-svg/USA.svg,United States,Rochester,#170,64.8,"10,364",39.7837304,-100.445882,43.157285,-77.615214
https://www.usnews.com/education/best-global-universities/queensland-university-of-technology-qut-504619,https://www.usnews.com/static-atlas/assets/img/education/education.svg,Queensland University of Technology (QUT),https://www.usnews.com/static-atlas/assets/img/news/best-countries/flags-svg/AUS.svg,Australia,Brisbane,#171,64.7,"37,165",-24.7761086,134.755,-27.4689682,153.0234991
https://www.usnews.com/education/best-global-universities/university-of-calgary-499975,https://www.usnews.com/static-atlas/assets/img/education/education.svg,University of Calgary,https://www.usnews.com/static-atlas/assets/img/news/best-countries/flags-svg/CAN.svg,Canada,Calgary,#175,64.2,"33,560",61.0666922,-107.991707,51.0460954,-114.065465
https://www.usnews.com/education/best-global-universities/university-of-sussex-503906,https://www.usnews.com/static-atlas/assets/img/education/education.svg,University of Sussex,https://www.usnews.com/static-atlas/assets/img/news/best-countries/flags-svg/GBR.svg,United Kingdom,Brighton,#175,64.2,"18,015",54.7023545,-3.2765753,50.8214626,-0.1400561
https://www.usnews.com/education/best-global-universities/rice-university-227757,https://www.usnews.com/static-atlas/assets/img/education/education.svg,Rice University,https://www.usnews.com/static-atlas/assets/img/news/best-countries/flags-svg/USA.svg,United States,Houston,#180,64.0,"7,068",39.7837304,-100.445882,29.7589382,-95.3676974
https://www.usnews.com/education/best-global-universities/university-of-iowa-153658,https://www.usnews.com/static-atlas/assets/img/education/education.svg,University of Iowa,https://www.usnews.com/static-atlas/assets/img/news/best-countries/flags-svg/USA.svg,United States,Iowa City,#180,64.0,"29,257",39.7837304,-100.445882,41.6612561,-91.5299106
https://www.usnews.com/education/best-global-universities/lancaster-university-504720,https://www.usnews.com/static-atlas/assets/img/education/education.svg,Lancaster University,https://www.usnews.com/static-atlas/assets/img/news/best-countries/flags-svg/GBR.svg,United Kingdom,Lancaster,#182,63.9,"14,665",54.7023545,-3.2765753,40.03813,-76.3056686
https://www.usnews.com/education/best-global-universities/university-of-california-riverside-110671,https://www.usnews.com/static-atlas/assets/img/education/education.svg,University of California Riverside,https://www.usnews.com/static-atlas/assets/img/news/best-countries/flags-svg/USA.svg,United States,Riverside,#186,63.6,"24,515",39.7837304,-100.445882,33.9533546,-117.3961623
https://www.usnews.com/education/best-global-universities/university-of-wollongong-503195,https://www.usnews.com/static-atlas/assets/img/education/education.svg,University of Wollongong,https://www.usnews.com/static-atlas/assets/img/news/best-countries/flags-svg/AUS.svg,Australia,Wollongong,#186,63.6,"19,169",-24.7761086,134.755,-34.4278083,150.893054
https://www.usnews.com/education/best-global-universities/university-of-waterloo-499966,https://www.usnews.com/static-atlas/assets/img/education/education.svg,University of Waterloo,https://www.usnews.com/static-atlas/assets/img/news/best-countries/flags-svg/CAN.svg,Canada,Waterloo,#191,63.5,"34,306",61.0666922,-107.991707,42.498275,-92.3328743
https://www.usnews.com/education/best-global-universities/macquarie-university-502013,https://www.usnews.com/static-atlas/assets/img/education/education.svg,Macquarie University,https://www.usnews.com/static-atlas/assets/img/news/best-countries/flags-svg/AUS.svg,Australia,North Ryde,#192,63.4,"30,561",-24.7761086,134.755,-33.7975472,151.127306
https://www.usnews.com/education/best-global-universities/northeastern-university-167358,https://www.usnews.com/static-atlas/assets/img/education/education.svg,Northeastern University,https://www.usnews.com/static-atlas/assets/img/news/best-countries/flags-svg/USA.svg,United States,Boston,#194,63.3,"21,211",39.7837304,-100.445882,42.3554334,-71.060511
https://www.usnews.com/education/best-global-universities/swinburne-university-of-technology-528823,https://www.usnews.com/static-atlas/assets/img/education/education.svg,Swinburne University of Technology,https://www.usnews.com/static-atlas/assets/img/news/best-countries/flags-svg/AUS.svg,Australia,Hawthorn,#199,63.0,"15,327",-24.7761086,134.755,-37.8244246,145.0317207
https://www.usnews.com/education/best-global-universities/griffith-university-501686,https://www.usnews.com/static-atlas/assets/img/education/education.svg,Griffith University,https://www.usnews.com/static-atlas/assets/img/news/best-countries/flags-svg/AUS.svg,Australia,Nathan,#203,62.8,"35,900",-24.7761086,134.755,-27.548511,153.05231653985925
https://www.usnews.com/education/best-global-universities/university-of-cincinnati-201885,https://www.usnews.com/static-atlas/assets/img/education/education.svg,University of Cincinnati,https://www.usnews.com/static-atlas/assets/img/news/best-countries/flags-svg/USA.svg,United States,Cincinnati,#203,62.8,,39.7837304,-100.445882,39.1014537,-84.5124602
https://www.usnews.com/education/best-global-universities/state-university-of-new-york-suny-stony-brook-196097,https://www.usnews.com/static-atlas/assets/img/education/education.svg,State University of New York (SUNY) Stony Brook,https://www.usnews.com/static-atlas/assets/img/news/best-countries/flags-svg/USA.svg,United States,Stony Brook,#206,62.7,"25,836",39.7837304,-100.445882,40.9256538,-73.140943
https://www.usnews.com/education/best-global-universities/royal-melbourne-institute-of-technology-rmit-503858,https://www.usnews.com/static-atlas/assets/img/education/education.svg,Royal Melbourne Institute of Technology (RMIT),https://www.usnews.com/static-atlas/assets/img/news/best-countries/flags-svg/AUS.svg,Australia,Melbourne (Australia),#209,62.5,"32,692",-24.7761086,134.755,-37.8142176,144.9631608
https://www.usnews.com/education/best-global-universities/university-of-ottawa-499972,https://www.usnews.com/static-atlas/assets/img/education/education.svg,University of Ottawa,https://www.usnews.com/static-atlas/assets/img/news/best-countries/flags-svg/CAN.svg,Canada,Ottawa,#215,62.2,"36,670",61.0666922,-107.991707,45.4208777,-75.6901106
https://www.usnews.com/education/best-global-universities/university-of-tennessee-knoxville-221759,https://www.usnews.com/static-atlas/assets/img/education/education.svg,University of Tennessee Knoxville,https://www.usnews.com/static-atlas/assets/img/news/best-countries/flags-svg/USA.svg,United States,Knoxville,#225,61.7,"27,308",39.7837304,-100.445882,35.9603948,-83.9210261
https://www.usnews.com/education/best-global-universities/north-carolina-state-university-199193,https://www.usnews.com/static-atlas/assets/img/education/education.svg,North Carolina State University,https://www.usnews.com/static-atlas/assets/img/news/best-countries/flags-svg/USA.svg,United States,Raleigh,#230,61.5,"31,527",39.7837304,-100.445882,35.7803977,-78.6390989
https://www.usnews.com/education/best-global-universities/tufts-university-168148,https://www.usnews.com/static-atlas/assets/img/education/education.svg,Tufts University,https://www.usnews.com/static-atlas/assets/img/news/best-countries/flags-svg/USA.svg,United States,Medford,#239,61.1,"11,399",39.7837304,-100.445882,42.4184296,-71.1061639
https://www.usnews.com/education/best-global-universities/florida-state-university-134097,https://www.usnews.com/static-atlas/assets/img/education/education.svg,Florida State University,https://www.usnews.com/static-atlas/assets/img/news/best-countries/flags-svg/USA.svg,United States,Tallahassee,#241,60.9,"39,380",39.7837304,-100.445882,30.4380832,-84.2809332
https://www.usnews.com/education/best-global-universities/university-of-illinois-chicago-145600,https://www.usnews.com/static-atlas/assets/img/education/education.svg,University of Illinois Chicago,https://www.usnews.com/static-atlas/assets/img/news/best-countries/flags-svg/USA.svg,United States,Chicago,#250,60.6,,39.7837304,-100.445882,41.8755616,-87.6244212
https://www.usnews.com/education/best-global-universities/university-of-oregon-209551,https://www.usnews.com/static-atlas/assets/img/education/education.svg,University of Oregon,https://www.usnews.com/static-atlas/assets/img/news/best-countries/flags-svg/USA.svg,United States,Eugene,#253,60.5,,39.7837304,-100.445882,44.0505054,-123.0950506
https://www.usnews.com/education/best-global-universities/iowa-state-university-153603,https://www.usnews.com/static-atlas/assets/img/education/education.svg,Iowa State University,https://www.usnews.com/static-atlas/assets/img/news/best-countries/flags-svg/USA.svg,United States,Ames,#263,60.0,,39.7837304,-100.445882,50.536715,2.4086536
https://www.usnews.com/education/best-global-universities/virginia-polytechnic-institute-state-university-233921,https://www.usnews.com/static-atlas/assets/img/education/education.svg,Virginia Polytechnic Institute & State University,https://www.usnews.com/static-atlas/assets/img/news/best-countries/flags-svg/USA.svg,United States,Blacksburg,#265,59.9,"36,512",39.7837304,-100.445882,37.2296566,-80.4136767
https://www.usnews.com/education/best-global-universities/george-washington-university-131469,https://www.usnews.com/static-atlas/assets/img/education/education.svg,George Washington University,https://www.usnews.com/static-atlas/assets/img/news/best-countries/flags-svg/USA.svg,United States,"Washington, D.C.",#271,59.6,"22,298",39.7837304,-100.445882,48.125152,-123.4525429
https://www.usnews.com/education/best-global-universities/colorado-state-university-126818,https://www.usnews.com/static-atlas/assets/img/education/education.svg,Colorado State University,https://www.usnews.com/static-atlas/assets/img/news/best-countries/flags-svg/USA.svg,United States,Fort Collins,#276,59.4,"29,351",39.7837304,-100.445882,40.5508527,-105.0668085
https://www.usnews.com/education/best-global-universities/durham-university-501717,https://www.usnews.com/static-atlas/assets/img/education/education.svg,Durham University,https://www.usnews.com/static-atlas/assets/img/news/best-countries/flags-svg/GBR.svg,United Kingdom,Durham (U.K.),#277,59.3,"18,715",54.7023545,-3.2765753,54.666667,-1.75
https://www.usnews.com/education/best-global-universities/university-of-york-uk-505776,https://www.usnews.com/static-atlas/assets/img/education/education.svg,University of York - UK,https://www.usnews.com/static-atlas/assets/img/news/best-countries/flags-svg/GBR.svg,United Kingdom,York,#280,59.2,"17,965",54.7023545,-3.2765753,53.9590555,-1.0815361
https://www.usnews.com/education/best-global-universities/osaka-university-505864,https://www.usnews.com/static-atlas/assets/img/education/education.svg,Osaka University,https://www.usnews.com/static-atlas/assets/img/news/best-countries/flags-svg/JPN.svg,Japan,Suita,#286,59.0,"22,485",36.5748441,139.2394179,34.764884,135.51735
https://www.usnews.com/education/best-global-universities/state-university-of-new-york-suny-buffalo-196088,https://www.usnews.com/static-atlas/assets/img/education/education.svg,State University of New York (SUNY) Buffalo,https://www.usnews.com/static-atlas/assets/img/news/best-countries/flags-svg/USA.svg,United States,Buffalo,#286,59.0,"27,393",39.7837304,-100.445882,42.8867166,-78.8783922
https://www.usnews.com/education/best-global-universities/tohoku-university-500862,https://www.usnews.com/static-atlas/assets/img/education/education.svg,Tohoku University,https://www.usnews.com/static-atlas/assets/img/news/best-countries/flags-svg/JPN.svg,Japan,Sendai,#286,59.0,"17,812",36.5748441,139.2394179,38.2677554,140.8691498
https://www.usnews.com/education/best-global-universities/queens-university-belfast-505350,https://www.usnews.com/static-atlas/assets/img/education/education.svg,Queens University Belfast,https://www.usnews.com/static-atlas/assets/img/news/best-countries/flags-svg/GBR.svg,United Kingdom,Belfast,#295,58.6,"20,195",54.7023545,-3.2765753,54.596391,-5.9301829
https://www.usnews.com/education/best-global-universities/university-of-kansas-155317,https://www.usnews.com/static-atlas/assets/img/education/education.svg,University of Kansas,https://www.usnews.com/static-atlas/assets/img/news/best-countries/flags-svg/USA.svg,United States,Lawrence,#304,58.1,"24,147",39.7837304,-100.445882,38.9719384,-95.2359496
https://www.usnews.com/education/best-global-universities/temple-university-216339,https://www.usnews.com/static-atlas/assets/img/education/education.svg,Temple University,https://www.usnews.com/static-atlas/assets/img/news/best-countries/flags-svg/USA.svg,United States,Philadelphia,#309,58.0,"35,641",39.7837304,-100.445882,39.9527237,-75.1635262
https://www.usnews.com/education/best-global-universities/university-of-connecticut-129020,https://www.usnews.com/static-atlas/assets/img/education/education.svg,University of Connecticut,https://www.usnews.com/static-atlas/assets/img/news/best-countries/flags-svg/USA.svg,United States,Storrs,#309,58.0,"27,752",39.7837304,-100.445882,41.80564555,-72.25413294148728
https://www.usnews.com/education/best-global-universities/university-of-new-mexico-187985,https://www.usnews.com/static-atlas/assets/img/education/education.svg,University of New Mexico,https://www.usnews.com/static-atlas/assets/img/news/best-countries/flags-svg/USA.svg,United States,Albuquerque,#311,57.9,"18,223",39.7837304,-100.445882,35.0841034,-106.650985
https://www.usnews.com/education/best-global-universities/simon-fraser-university-499981,https://www.usnews.com/static-atlas/assets/img/education/education.svg,Simon Fraser University,https://www.usnews.com/static-atlas/assets/img/news/best-countries/flags-svg/CAN.svg,Canada,Burnaby,#317,57.6,"26,981",61.0666922,-107.991707,49.2433804,-122.972545
https://www.usnews.com/education/best-global-universities/university-of-south-florida-137351,https://www.usnews.com/static-atlas/assets/img/education/education.svg,University of South Florida,https://www.usnews.com/static-atlas/assets/img/news/best-countries/flags-svg/USA.svg,United States,Tampa,#317,57.6,"39,907",39.7837304,-100.445882,27.9477595,-82.458444
https://www.usnews.com/education/best-global-universities/university-of-notre-dame-152080,https://www.usnews.com/static-atlas/assets/img/education/education.svg,University of Notre Dame,https://www.usnews.com/static-atlas/assets/img/news/best-countries/flags-svg/USA.svg,United States,Notre Dame,#322,57.4,"12,401",39.7837304,-100.445882,41.70456775,-86.23822026017265
https://www.usnews.com/education/best-global-universities/university-of-victoria-499967,https://www.usnews.com/static-atlas/assets/img/education/education.svg,University of Victoria,https://www.usnews.com/static-atlas/assets/img/news/best-countries/flags-svg/CAN.svg,Canada,Victoria,#324,57.3,"20,936",61.0666922,-107.991707,-36.5986096,144.6780052
https://www.usnews.com/education/best-global-universities/washington-state-university-236939,https://www.usnews.com/static-atlas/assets/img/education/education.svg,Washington State University,https://www.usnews.com/static-atlas/assets/img/news/best-countries/flags-svg/USA.svg,United States,Pullman,#328,57.2,"29,463",39.7837304,-100.445882,46.7304268,-117.173895
https://www.usnews.com/education/best-global-universities/nagoya-university-501944,https://www.usnews.com/static-atlas/assets/img/education/education.svg,Nagoya University,https://www.usnews.com/static-atlas/assets/img/news/best-countries/flags-svg/JPN.svg,Japan,Nagoya,#333,56.8,"15,224",36.5748441,139.2394179,35.1851045,136.8998438
https://www.usnews.com/education/best-global-universities/university-of-south-carolina-columbia-218663,https://www.usnews.com/static-atlas/assets/img/education/education.svg,University of South Carolina Columbia,https://www.usnews.com/static-atlas/assets/img/news/best-countries/flags-svg/USA.svg,United States,Columbia,#346,56.2,,39.7837304,-100.445882,4.099917,-72.9088133
https://www.usnews.com/education/best-global-universities/kyushu-university-505482,https://www.usnews.com/static-atlas/assets/img/education/education.svg,Kyushu University,https://www.usnews.com/static-atlas/assets/img/news/best-countries/flags-svg/JPN.svg,Japan,Fukuoka,#349,56.1,,36.5748441,139.2394179,33.6251241,130.6180016
https://www.usnews.com/education/best-global-universities/university-of-texas-dallas-228787,https://www.usnews.com/static-atlas/assets/img/education/education.svg,University of Texas Dallas,https://www.usnews.com/static-atlas/assets/img/news/best-countries/flags-svg/USA.svg,United States,Richardson,#349,56.1,"25,464",39.7837304,-100.445882,32.9481789,-96.7297206
https://www.usnews.com/education/best-global-universities/drexel-university-212054,https://www.usnews.com/static-atlas/assets/img/education/education.svg,Drexel University,https://www.usnews.com/static-atlas/assets/img/news/best-countries/flags-svg/USA.svg,United States,Philadelphia,#352,56.0,,39.7837304,-100.445882,39.9527237,-75.1635262
https://www.usnews.com/education/best-global-universities/university-of-delaware-130943,https://www.usnews.com/static-atlas/assets/img/education/education.svg,University of Delaware,https://www.usnews.com/static-atlas/assets/img/news/best-countries/flags-svg/USA.svg,United States,Newark,#352,56.0,"21,808",39.7837304,-100.445882,40.735657,-74.1723667
https://www.usnews.com/education/best-global-universities/university-of-st-andrews-503328,https://www.usnews.com/static-atlas/assets/img/education/education.svg,University of St Andrews,https://www.usnews.com/static-atlas/assets/img/news/best-countries/flags-svg/GBR.svg,United Kingdom,Fife,#352,56.0,"9,645",54.7023545,-3.2765753,56.3333331,-3.0000001
https://www.usnews.com/education/best-global-universities/university-of-kentucky-157085,https://www.usnews.com/static-atlas/assets/img/education/education.svg,University of Kentucky,https://www.usnews.com/static-atlas/assets/img/news/best-countries/flags-svg/USA.svg,United States,Lexington,#356,55.8,,39.7837304,-100.445882,38.0464066,-84.4970393
https://www.usnews.com/education/best-global-universities/tokyo-institute-of-technology-504950,https://www.usnews.com/static-atlas/assets/img/education/education.svg,Tokyo Institute of Technology,https://www.usnews.com/static-atlas/assets/img/news/best-countries/flags-svg/JPN.svg,Japan,Tokyo,#360,55.7,"9,878",36.5748441,139.2394179,35.6812665,139.757653
https://www.usnews.com/education/best-global-universities/university-of-surrey-505401,https://www.usnews.com/static-atlas/assets/img/education/education.svg,University of Surrey,https://www.usnews.com/static-atlas/assets/img/news/best-countries/flags-svg/GBR.svg,United Kingdom,Surrey,#370,55.3,"15,875",54.7023545,-3.2765753,51.2715316,-0.3414523511290909
https://www.usnews.com/education/best-global-universities/baylor-university-223232,https://www.usnews.com/static-atlas/assets/img/education/education.svg,Baylor University,https://www.usnews.com/static-atlas/assets/img/news/best-countries/flags-svg/USA.svg,United States,Waco,#372,55.2,,39.7837304,-100.445882,31.549333,-97.1466695
https://www.usnews.com/education/best-global-universities/syracuse-university-196413,https://www.usnews.com/static-atlas/assets/img/education/education.svg,Syracuse University,https://www.usnews.com/static-atlas/assets/img/news/best-countries/flags-svg/USA.svg,United States,Syracuse,#372,55.2,"20,620",39.7837304,-100.445882,43.0481221,-76.1474244
https://www.usnews.com/education/best-global-universities/university-of-manitoba-503954,https://www.usnews.com/static-atlas/assets/img/education/education.svg,University of Manitoba,https://www.usnews.com/static-atlas/assets/img/news/best-countries/flags-svg/CAN.svg,Canada,Winnipeg,#372,55.2,"29,561",61.0666922,-107.991707,49.8955367,-97.1384584
https://www.usnews.com/education/best-global-universities/university-of-strathclyde-504736,https://www.usnews.com/static-atlas/assets/img/education/education.svg,University of Strathclyde,https://www.usnews.com/static-atlas/assets/img/news/best-countries/flags-svg/GBR.svg,United Kingdom,Glasgow,#379,55.0,,54.7023545,-3.2765753,55.861155,-4.2501687
https://www.usnews.com/education/best-global-universities/wayne-state-university-172644,https://www.usnews.com/static-atlas/assets/img/education/education.svg,Wayne State University,https://www.usnews.com/static-atlas/assets/img/news/best-countries/flags-svg/USA.svg,United States,Detroit,#385,54.9,,39.7837304,-100.445882,42.3315509,-83.0466403
https://www.usnews.com/education/best-global-universities/louisiana-state-university-159391,https://www.usnews.com/static-atlas/assets/img/education/education.svg,Louisiana State University,https://www.usnews.com/static-atlas/assets/img/news/best-countries/flags-svg/USA.svg,United States,Baton Rouge,#389,54.8,"29,191",39.7837304,-100.445882,30.4494155,-91.1869659
https://www.usnews.com/education/best-global-universities/university-of-mississippi-176017,https://www.usnews.com/static-atlas/assets/img/education/education.svg,University of Mississippi,https://www.usnews.com/static-atlas/assets/img/news/best-countries/flags-svg/USA.svg,United States,University,#392,54.7,,39.7837304,-100.445882,22.4135688,114.2101033
https://www.usnews.com/education/best-global-universities/state-university-of-new-york-suny-albany-196060,https://www.usnews.com/static-atlas/assets/img/education/education.svg,State University of New York (SUNY) Albany,https://www.usnews.com/static-atlas/assets/img/news/best-countries/flags-svg/USA.svg,United States,Albany,#405,54.3,"16,090",39.7837304,-100.445882,41.000028,19.9999619
https://www.usnews.com/education/best-global-universities/brandeis-university-165015,https://www.usnews.com/static-atlas/assets/img/education/education.svg,Brandeis University,https://www.usnews.com/static-atlas/assets/img/news/best-countries/flags-svg/USA.svg,United States,Waltham,#409,54.2,"5,427",39.7837304,-100.445882,42.3756401,-71.2358004
https://www.usnews.com/education/best-global-universities/university-of-bath-506373,https://www.usnews.com/static-atlas/assets/img/education/education.svg,University of Bath,https://www.usnews.com/static-atlas/assets/img/news/best-countries/flags-svg/GBR.svg,United Kingdom,Bath,#409,54.2,"16,730",54.7023545,-3.2765753,51.3813864,-2.3596963
https://www.usnews.com/education/best-global-universities/university-of-nebraska-lincoln-181464,https://www.usnews.com/static-atlas/assets/img/education/education.svg,University of Nebraska Lincoln,https://www.usnews.com/static-atlas/assets/img/news/best-countries/flags-svg/USA.svg,United States,Lincoln (U.S.),#409,54.2,"25,055",39.7837304,-100.445882,-27.4718777,-58.9911405
https://www.usnews.com/education/best-global-universities/university-of-central-florida-132903,https://www.usnews.com/static-atlas/assets/img/education/education.svg,University of Central Florida,https://www.usnews.com/static-atlas/assets/img/news/best-countries/flags-svg/USA.svg,United States,Orlando,#413,54.1,"62,248",39.7837304,-100.445882,28.5421109,-81.3790304
https://www.usnews.com/education/best-global-universities/york-university-canada-499962,https://www.usnews.com/static-atlas/assets/img/education/education.svg,York University - Canada,https://www.usnews.com/static-atlas/assets/img/news/best-countries/flags-svg/CAN.svg,Canada,Toronto,#426,53.8,"44,036",61.0666922,-107.991707,43.6534817,-79.3839347
https://www.usnews.com/education/best-global-universities/queens-university-canada-500946,https://www.usnews.com/static-atlas/assets/img/education/education.svg,Queens University - Canada,https://www.usnews.com/static-atlas/assets/img/news/best-countries/flags-svg/CAN.svg,Canada,Kingston (Canada),#429,53.7,"26,575",61.0666922,-107.991707,44.230687,-76.481323
https://www.usnews.com/education/best-global-universities/hokkaido-university-501928,https://www.usnews.com/static-atlas/assets/img/education/education.svg,Hokkaido University,https://www.usnews.com/static-atlas/assets/img/news/best-countries/flags-svg/JPN.svg,Japan,Sapporo,#432,53.6,,36.5748441,139.2394179,43.061936,141.3542924
https://www.usnews.com/education/best-global-universities/university-of-houston-225511,https://www.usnews.com/static-atlas/assets/img/education/education.svg,University of Houston,https://www.usnews.com/static-atlas/assets/img/news/best-countries/flags-svg/USA.svg,United States,Houston,#432,53.6,"46,958",39.7837304,-100.445882,29.7589382,-95.3676974
https://www.usnews.com/education/best-global-universities/university-of-tsukuba-506429,https://www.usnews.com/static-atlas/assets/img/education/education.svg,University of Tsukuba,https://www.usnews.com/static-atlas/assets/img/news/best-countries/flags-svg/JPN.svg,Japan,Tsukuba,#432,53.6,"16,626",36.5748441,139.2394179,36.0833265,140.077279
https://www.usnews.com/education/best-global-universities/university-of-saskatchewan-499969,https://www.usnews.com/static-atlas/assets/img/education/education.svg,University of Saskatchewan,https://www.usnews.com/static-atlas/assets/img/news/best-countries/flags-svg/CAN.svg,Canada,Saskatoon,#441,53.4,"17,741",61.0666922,-107.991707,52.131802,-106.660767
https://www.usnews.com/education/best-global-universities/tata-institute-of-fundamental-research-tifr-529777,https://www.usnews.com/static-atlas/assets/img/education/education.svg,Tata Institute of Fundamental Research (TIFR),https://www.usnews.com/static-atlas/assets/img/news/best-countries/flags-svg/IND.svg,India,Mumbai,#452,53.1,,22.3511148,78.6677428,19.0785451,72.878176
https://www.usnews.com/education/best-global-universities/university-of-missouri-columbia-178396,https://www.usnews.com/static-atlas/assets/img/education/education.svg,University of Missouri Columbia,https://www.usnews.com/static-atlas/assets/img/news/best-countries/flags-svg/USA.svg,United States,Columbia,#452,53.1,"25,113",39.7837304,-100.445882,4.099917,-72.9088133
https://www.usnews.com/education/best-global-universities/university-of-oklahoma-norman-207500,https://www.usnews.com/static-atlas/assets/img/education/education.svg,University of Oklahoma - Norman,https://www.usnews.com/static-atlas/assets/img/news/best-countries/flags-svg/USA.svg,United States,Norman,#461,52.9,"26,450",39.7837304,-100.445882,35.2225717,-97.4394816
https://www.usnews.com/education/best-global-universities/swansea-university-505583,https://www.usnews.com/static-atlas/assets/img/education/education.svg,Swansea University,https://www.usnews.com/static-atlas/assets/img/news/best-countries/flags-svg/GBR.svg,United Kingdom,Swansea,#463,52.8,"17,745",54.7023545,-3.2765753,51.6195955,-3.9459248
https://www.usnews.com/education/best-global-universities/florida-international-university-133951,https://www.usnews.com/static-atlas/assets/img/education/education.svg,Florida International University,https://www.usnews.com/static-atlas/assets/img/news/best-countries/flags-svg/USA.svg,United States,Miami,#468,52.6,"35,590",39.7837304,-100.445882,25.7741728,-80.19362
https://www.usnews.com/education/best-global-universities/texas-tech-university-229115,https://www.usnews.com/static-atlas/assets/img/education/education.svg,Texas Tech University,https://www.usnews.com/static-atlas/assets/img/news/best-countries/flags-svg/USA.svg,United States,Lubbock,#472,52.4,"35,809",39.7837304,-100.445882,33.5634402,-101.8792389
https://www.usnews.com/education/best-global-universities/brunel-university-502232,https://www.usnews.com/static-atlas/assets/img/education/education.svg,Brunel University,https://www.usnews.com/static-atlas/assets/img/news/best-countries/flags-svg/GBR.svg,United Kingdom,Uxbridge,#485,51.9,"14,185",54.7023545,-3.2765753,51.5449509,-0.4816672
https://www.usnews.com/education/best-global-universities/georgia-state-university-139940,https://www.usnews.com/static-atlas/assets/img/education/education.svg,Georgia State University,https://www.usnews.com/static-atlas/assets/img/news/best-countries/flags-svg/USA.svg,United States,Atlanta,#504,51.1,,39.7837304,-100.445882,33.7489924,-84.3902644
https://www.usnews.com/education/best-global-universities/kansas-state-university-155399,https://www.usnews.com/static-atlas/assets/img/education/education.svg,Kansas State University,https://www.usnews.com/static-atlas/assets/img/news/best-countries/flags-svg/USA.svg,United States,Manhattan,#507,51.0,,39.7837304,-100.445882,40.7896239,-73.9598939
https://www.usnews.com/education/best-global-universities/university-of-alabama-tuscaloosa-100751,https://www.usnews.com/static-atlas/assets/img/education/education.svg,University of Alabama Tuscaloosa,https://www.usnews.com/static-atlas/assets/img/news/best-countries/flags-svg/USA.svg,United States,Tuscaloosa,#512,50.7,"44,133",39.7837304,-100.445882,33.2095614,-87.5675258
https://www.usnews.com/education/best-global-universities/keio-university-500715,https://www.usnews.com/static-atlas/assets/img/education/education.svg,Keio University,https://www.usnews.com/static-atlas/assets/img/news/best-countries/flags-svg/JPN.svg,Japan,Tokyo,#517,50.6,,36.5748441,139.2394179,35.6812665,139.757653
https://www.usnews.com/education/best-global-universities/carleton-university-499991,https://www.usnews.com/static-atlas/assets/img/education/education.svg,Carleton University,https://www.usnews.com/static-atlas/assets/img/news/best-countries/flags-svg/CAN.svg,Canada,Ottawa,#526,50.3,,61.0666922,-107.991707,45.4208777,-75.6901106
https://www.usnews.com/education/best-global-universities/west-virginia-university-238032,https://www.usnews.com/static-atlas/assets/img/education/education.svg,West Virginia University,https://www.usnews.com/static-atlas/assets/img/news/best-countries/flags-svg/USA.svg,United States,Morgantown,#537,50.1,,39.7837304,-100.445882,39.6296809,-79.9559437
https://www.usnews.com/education/best-global-universities/university-of-wisconsin-milwaukee-240453,https://www.usnews.com/static-atlas/assets/img/education/education.svg,University of Wisconsin Milwaukee,https://www.usnews.com/static-atlas/assets/img/news/best-countries/flags-svg/USA.svg,United States,Milwaukee,#544,49.9,,39.7837304,-100.445882,43.0349931,-87.922497
https://www.usnews.com/education/best-global-universities/indian-institute-of-science-iisc-bangalore-505956,https://www.usnews.com/object/image/00000157-8cb5-dca0-ad7f-ccb7ccf20000/$161003_IISc?size=responsive300&update-time=1475534623655,Indian Institute of Science (IISC) - Bangalore,https://www.usnews.com/static-atlas/assets/img/news/best-countries/flags-svg/IND.svg,India,Bangalore,#551,49.6,"3,990",22.3511148,78.6677428,12.9767936,77.590082
https://www.usnews.com/education/best-global-universities/colorado-school-of-mines-126775,https://www.usnews.com/static-atlas/assets/img/education/education.svg,Colorado School of Mines,https://www.usnews.com/static-atlas/assets/img/news/best-countries/flags-svg/USA.svg,United States,Golden,#564,49.2,"6,350",39.7837304,-100.445882,39.7546349,-105.22058
https://www.usnews.com/education/best-global-universities/university-of-texas-arlington-228769,https://www.usnews.com/static-atlas/assets/img/education/education.svg,University of Texas Arlington,https://www.usnews.com/static-atlas/assets/img/news/best-countries/flags-svg/USA.svg,United States,Arlington,#576,48.9,"33,537",39.7837304,-100.445882,32.7355816,-97.1071186
https://www.usnews.com/education/best-global-universities/waseda-university-501931,https://www.usnews.com/static-atlas/assets/img/education/education.svg,Waseda University,https://www.usnews.com/static-atlas/assets/img/news/best-countries/flags-svg/JPN.svg,Japan,Tokyo,#579,48.8,"46,798",36.5748441,139.2394179,35.6812665,139.757653
https://www.usnews.com/education/best-global-universities/indian-institute-of-technology-iit-bombay-501259,https://www.usnews.com/static-atlas/assets/img/education/education.svg,Indian Institute of Technology (IIT) - Bombay,https://www.usnews.com/static-atlas/assets/img/news/best-countries/flags-svg/IND.svg,India,Mumbai,#583,48.7,,22.3511148,78.6677428,19.0785451,72.878176
https://www.usnews.com/education/best-global-universities/kobe-university-504263,https://www.usnews.com/static-atlas/assets/img/education/education.svg,Kobe University,https://www.usnews.com/static-atlas/assets/img/news/best-countries/flags-svg/JPN.svg,Japan,Kobe,#583,48.7,"15,478",36.5748441,139.2394179,34.6932379,135.1943764
https://www.usnews.com/education/best-global-universities/royal-holloway-university-london-501237,https://www.usnews.com/static-atlas/assets/img/education/education.svg,Royal Holloway University London,https://www.usnews.com/static-atlas/assets/img/news/best-countries/flags-svg/GBR.svg,United Kingdom,Egham,#593,48.4,"10,770",54.7023545,-3.2765753,51.4312585,-0.5473085
https://www.usnews.com/education/best-global-universities/indian-institute-of-technology-iit-madras-502278,https://www.usnews.com/static-atlas/assets/img/education/education.svg,Indian Institute of Technology (IIT) - Madras,https://www.usnews.com/static-atlas/assets/img/news/best-countries/flags-svg/IND.svg,India,Chennai,#605,48.2,,22.3511148,78.6677428,13.0836939,80.270186
https://www.usnews.com/education/best-global-universities/montana-state-university-bozeman-180461,https://www.usnews.com/static-atlas/assets/img/education/education.svg,Montana State University Bozeman,https://www.usnews.com/static-atlas/assets/img/news/best-countries/flags-svg/USA.svg,United States,Bozeman,#611,48.1,"14,094",39.7837304,-100.445882,45.6794293,-111.044047
https://www.usnews.com/education/best-global-universities/william-mary-231624,https://www.usnews.com/static-atlas/assets/img/education/education.svg,William & Mary,https://www.usnews.com/static-atlas/assets/img/news/best-countries/flags-svg/USA.svg,United States,Williamsburg,#624,47.8,"8,089",39.7837304,-100.445882,37.2708788,-76.7074042
https://www.usnews.com/education/best-global-universities/oklahoma-state-university-stillwater-207388,https://www.usnews.com/static-atlas/assets/img/education/education.svg,Oklahoma State University - Stillwater,https://www.usnews.com/static-atlas/assets/img/news/best-countries/flags-svg/USA.svg,United States,Stillwater,#633,47.3,"21,250",39.7837304,-100.445882,36.1156306,-97.0585717
https://www.usnews.com/education/best-global-universities/rochester-institute-of-technology-195003,https://www.usnews.com/static-atlas/assets/img/education/education.svg,Rochester Institute of Technology,https://www.usnews.com/static-atlas/assets/img/news/best-countries/flags-svg/USA.svg,United States,Rochester,#639,47.2,,39.7837304,-100.445882,43.157285,-77.615214
https://www.usnews.com/education/best-global-universities/university-of-louisville-157289,https://www.usnews.com/static-atlas/assets/img/education/education.svg,University of Louisville,https://www.usnews.com/static-atlas/assets/img/news/best-countries/flags-svg/USA.svg,United States,Louisville,#643,47.1,,39.7837304,-100.445882,38.2542376,-85.759407
https://www.usnews.com/education/best-global-universities/hiroshima-university-502589,https://www.usnews.com/static-atlas/assets/img/education/education.svg,Hiroshima University,https://www.usnews.com/static-atlas/assets/img/news/best-countries/flags-svg/JPN.svg,Japan,Hiroshima,#667,46.5,"14,612",36.5748441,139.2394179,34.3916058,132.4518156
https://www.usnews.com/education/best-global-universities/city-college-of-new-york-cuny-190567,https://www.usnews.com/static-atlas/assets/img/education/education.svg,City College of New York (CUNY),https://www.usnews.com/static-atlas/assets/img/news/best-countries/flags-svg/USA.svg,United States,New York City,#684,46.1,,39.7837304,-100.445882,40.7127281,-74.0060152
https://www.usnews.com/education/best-global-universities/ohio-university-204857,https://www.usnews.com/static-atlas/assets/img/education/education.svg,Ohio University,https://www.usnews.com/static-atlas/assets/img/news/best-countries/flags-svg/USA.svg,United States,"Athens (Ohio, U.S.)",#684,46.1,,39.7837304,-100.445882,,
https://www.usnews.com/education/best-global-universities/clemson-university-217882,https://www.usnews.com/static-atlas/assets/img/education/education.svg,Clemson University,https://www.usnews.com/static-atlas/assets/img/news/best-countries/flags-svg/USA.svg,United States,Clemson,#693,45.9,,39.7837304,-100.445882,34.6850749,-82.8364111
https://www.usnews.com/education/best-global-universities/rensselaer-polytechnic-institute-194824,https://www.usnews.com/static-atlas/assets/img/education/education.svg,Rensselaer Polytechnic Institute,https://www.usnews.com/static-atlas/assets/img/news/best-countries/flags-svg/USA.svg,United States,Troy,#698,45.7,,39.7837304,-100.445882,39.95737395,26.238017461011644
https://www.usnews.com/education/best-global-universities/aston-university-528938,https://www.usnews.com/static-atlas/assets/img/education/education.svg,Aston University,https://www.usnews.com/static-atlas/assets/img/news/best-countries/flags-svg/GBR.svg,United Kingdom,Birmingham (U.K.),#717,45.3,"13,230",54.7023545,-3.2765753,52.4796992,-1.9026911
https://www.usnews.com/education/best-global-universities/indian-institute-of-technology-iit-delhi-500856,https://www.usnews.com/static-atlas/assets/img/education/education.svg,Indian Institute of Technology (IIT) - Delhi,https://www.usnews.com/static-atlas/assets/img/news/best-countries/flags-svg/IND.svg,India,New Delhi,#717,45.3,"9,794",22.3511148,78.6677428,28.6138954,77.2090057
https://www.usnews.com/education/best-global-universities/university-of-delhi-504916,https://www.usnews.com/static-atlas/assets/img/education/education.svg,University of Delhi,https://www.usnews.com/static-atlas/assets/img/news/best-countries/flags-svg/IND.svg,India,New Delhi,#717,45.3,,22.3511148,78.6677428,28.6138954,77.2090057
https://www.usnews.com/education/best-global-universities/heriot-watt-university-506192,https://www.usnews.com/static-atlas/assets/img/education/education.svg,Heriot Watt University,https://www.usnews.com/static-atlas/assets/img/news/best-countries/flags-svg/GBR.svg,United Kingdom,Edinburgh,#725,45.1,"9,885",54.7023545,-3.2765753,55.9533456,-3.1883749
https://www.usnews.com/education/best-global-universities/indian-institute-of-technology-iit-gandhinagar-529780,https://www.usnews.com/static-atlas/assets/img/education/education.svg,Indian Institute of Technology (IIT) - Gandhinagar,https://www.usnews.com/static-atlas/assets/img/news/best-countries/flags-svg/IND.svg,India,Gandhinagar,#725,45.1,,22.3511148,78.6677428,23.2232877,72.6492267
https://www.usnews.com/education/best-global-universities/southern-methodist-university-228246,https://www.usnews.com/static-atlas/assets/img/education/education.svg,Southern Methodist University,https://www.usnews.com/static-atlas/assets/img/news/best-countries/flags-svg/USA.svg,United States,Dallas,#732,44.9,,39.7837304,-100.445882,32.7762719,-96.7968559
https://www.usnews.com/education/best-global-universities/illinois-institute-of-technology-145725,https://www.usnews.com/static-atlas/assets/img/education/education.svg,Illinois Institute of Technology,https://www.usnews.com/static-atlas/assets/img/news/best-countries/flags-svg/USA.svg,United States,Chicago,#735,44.8,,39.7837304,-100.445882,41.8755616,-87.6244212
https://www.usnews.com/education/best-global-universities/okayama-university-504249,https://www.usnews.com/static-atlas/assets/img/education/education.svg,Okayama University,https://www.usnews.com/static-atlas/assets/img/news/best-countries/flags-svg/JPN.svg,Japan,Okayama City,#750,44.4,,36.5748441,139.2394179,37.3485785,-121.892854
https://www.usnews.com/education/best-global-universities/university-of-arkansas-fayetteville-106397,https://www.usnews.com/static-atlas/assets/img/education/education.svg,University of Arkansas Fayetteville,https://www.usnews.com/static-atlas/assets/img/news/best-countries/flags-svg/USA.svg,United States,Fayetteville,#750,44.4,"25,207",39.7837304,-100.445882,36.0625843,-94.1574328
https://www.usnews.com/education/best-global-universities/tokyo-metropolitan-university-505425,https://www.usnews.com/static-atlas/assets/img/education/education.svg,Tokyo Metropolitan University,https://www.usnews.com/static-atlas/assets/img/news/best-countries/flags-svg/JPN.svg,Japan,Tokyo,#757,44.3,"8,829",36.5748441,139.2394179,35.6812665,139.757653
https://www.usnews.com/education/best-global-universities/panjab-university-528843,https://www.usnews.com/static-atlas/assets/img/education/education.svg,Panjab University,https://www.usnews.com/static-atlas/assets/img/news/best-countries/flags-svg/IND.svg,India,Chandigarh,#759,44.2,,22.3511148,78.6677428,30.72984395,76.78414567016054
https://www.usnews.com/education/best-global-universities/indian-institute-of-technology-iit-kharagpur-500533,https://www.usnews.com/static-atlas/assets/img/education/education.svg,Indian Institute of Technology (IIT) - Kharagpur,https://www.usnews.com/static-atlas/assets/img/news/best-countries/flags-svg/IND.svg,India,Kharagpur,#764,44.1,,22.3511148,78.6677428,25.133173050000003,86.52504036339789
https://www.usnews.com/education/best-global-universities/louisiana-technical-university-159647,https://www.usnews.com/static-atlas/assets/img/education/education.svg,Louisiana Technical University,https://www.usnews.com/static-atlas/assets/img/news/best-countries/flags-svg/USA.svg,United States,Ruston,#770,43.9,,39.7837304,-100.445882,32.5232053,-92.637927
https://www.usnews.com/education/best-global-universities/aligarh-muslim-university-528840,https://www.usnews.com/static-atlas/assets/img/education/education.svg,Aligarh Muslim University,https://www.usnews.com/static-atlas/assets/img/news/best-countries/flags-svg/IND.svg,India,Aligarh,#787,43.5,,22.3511148,78.6677428,27.833333,78.166667
https://www.usnews.com/education/best-global-universities/university-of-sherbrooke-506839,https://www.usnews.com/static-atlas/assets/img/education/education.svg,University of Sherbrooke,https://www.usnews.com/static-atlas/assets/img/news/best-countries/flags-svg/CAN.svg,Canada,Sherbrooke,#789,43.4,,61.0666922,-107.991707,45.403271,-71.889038
https://www.usnews.com/education/best-global-universities/kent-state-university-203517,https://www.usnews.com/static-atlas/assets/img/education/education.svg,Kent State University,https://www.usnews.com/static-atlas/assets/img/news/best-countries/flags-svg/USA.svg,United States,Kent,#794,43.3,,39.7837304,-100.445882,51.20707485,0.7210361813401444
https://www.usnews.com/education/best-global-universities/banaras-hindu-university-bhu-503462,https://www.usnews.com/static-atlas/assets/img/education/education.svg,Banaras Hindu University (BHU),https://www.usnews.com/static-atlas/assets/img/news/best-countries/flags-svg/IND.svg,India,Varanasi,#826,42.4,,22.3511148,78.6677428,25.3356491,83.0076292
https://www.usnews.com/education/best-global-universities/graduate-university-for-advanced-studies-japan-528948,https://www.usnews.com/static-atlas/assets/img/education/education.svg,Graduate University for Advanced Studies - Japan,https://www.usnews.com/static-atlas/assets/img/news/best-countries/flags-svg/JPN.svg,Japan,Hayama,#826,42.4,,36.5748441,139.2394179,35.2729088,139.5931769
https://www.usnews.com/education/best-global-universities/chiba-university-503793,https://www.usnews.com/static-atlas/assets/img/education/education.svg,Chiba University,https://www.usnews.com/static-atlas/assets/img/news/best-countries/flags-svg/JPN.svg,Japan,Chiba-shi,#835,42.3,,36.5748441,139.2394179,35.609985,140.118126
https://www.usnews.com/education/best-global-universities/indian-institute-of-science-education-research-iiser---kolkata-529446,https://www.usnews.com/static-atlas/assets/img/education/education.svg,Indian Institute of Science Education & Research (IISER) - Kolkata,https://www.usnews.com/static-atlas/assets/img/news/best-countries/flags-svg/IND.svg,India,Nadia,#852,42.0,,22.3511148,78.6677428,23.4836184,88.55570832329447
https://www.usnews.com/education/best-global-universities/california-polytechnic-state-university-san-luis-obispo-110422,https://www.usnews.com/static-atlas/assets/img/education/education.svg,California Polytechnic State University San Luis Obispo,https://www.usnews.com/static-atlas/assets/img/news/best-countries/flags-svg/USA.svg,United States,San Luis Obispo,#856,41.9,,39.7837304,-100.445882,35.3540209,-120.3757163
https://www.usnews.com/education/best-global-universities/indian-institute-of-technology-iit-hyderabad-529636,https://www.usnews.com/static-atlas/assets/img/education/education.svg,Indian Institute of Technology (IIT) - Hyderabad,https://www.usnews.com/static-atlas/assets/img/news/best-countries/flags-svg/IND.svg,India,Teangana,#875,41.4,,22.3511148,78.6677428,,
https://www.usnews.com/education/best-global-universities/indian-institute-of-technology-iit-kanpur-506622,https://www.usnews.com/static-atlas/assets/img/education/education.svg,Indian Institute of Technology (IIT) - Kanpur,https://www.usnews.com/static-atlas/assets/img/news/best-countries/flags-svg/IND.svg,India,Kanpur,#879,41.3,,22.3511148,78.6677428,26.4609135,80.3217588
https://www.usnews.com/education/best-global-universities/indian-institute-of-technology-iit-roorkee-528828,https://www.usnews.com/static-atlas/assets/img/education/education.svg,Indian Institute of Technology (IIT) - Roorkee,https://www.usnews.com/static-atlas/assets/img/news/best-countries/flags-svg/IND.svg,India,Roorkee,#896,41.0,,22.3511148,78.6677428,29.8693496,77.8902124
https://www.usnews.com/education/best-global-universities/california-state-university-fresno-110556,https://www.usnews.com/static-atlas/assets/img/education/education.svg,California State University Fresno,https://www.usnews.com/static-atlas/assets/img/news/best-countries/flags-svg/USA.svg,United States,Fresno,#907,40.8,,39.7837304,-100.445882,36.7295295,-119.70886126075588
https://www.usnews.com/education/best-global-universities/florida-institute-of-technology-133881,https://www.usnews.com/static-atlas/assets/img/education/education.svg,Florida Institute of Technology,https://www.usnews.com/static-atlas/assets/img/news/best-countries/flags-svg/USA.svg,United States,Melbourne (U.S.),#912,40.7,"5,091",39.7837304,-100.445882,25.7184334,-100.2794125
https://www.usnews.com/education/best-global-universities/indian-institute-of-science-education-research-iiser-pune-529311,https://www.usnews.com/static-atlas/assets/img/education/education.svg,Indian Institute of Science Education & Research (IISER) Pune,https://www.usnews.com/static-atlas/assets/img/news/best-countries/flags-svg/IND.svg,India,Pashan,#926,40.4,"1,512",22.3511148,78.6677428,18.5386704,73.7952542
https://www.usnews.com/education/best-global-universities/northern-illinois-university-147703,https://www.usnews.com/static-atlas/assets/img/education/education.svg,Northern Illinois University,https://www.usnews.com/static-atlas/assets/img/news/best-countries/flags-svg/USA.svg,United States,DeKalb,#928,40.3,,39.7837304,-100.445882,41.8903447,-88.7713953
https://www.usnews.com/education/best-global-universities/shinshu-university-505095,https://www.usnews.com/static-atlas/assets/img/education/education.svg,Shinshu University,https://www.usnews.com/static-atlas/assets/img/news/best-countries/flags-svg/JPN.svg,Japan,Matsumoto,#984,39.1,"10,603",36.5748441,139.2394179,36.2382047,137.9687141
https://www.usnews.com/education/best-global-universities/old-dominion-university-232982,https://www.usnews.com/static-atlas/assets/img/education/education.svg,Old Dominion University,https://www.usnews.com/static-atlas/assets/img/news/best-countries/flags-svg/USA.svg,United States,Norfolk,#989,39.0,"18,705",39.7837304,-100.445882,52.666667,1.0
https://www.usnews.com/education/best-global-universities/kentucky-state-university-157058,https://www.usnews.com/static-atlas/assets/img/education/education.svg,Kentucky State University,https://www.usnews.com/static-atlas/assets/img/news/best-countries/flags-svg/USA.svg,United States,Frankfort,"#1,027",38.2,,39.7837304,-100.445882,50.1106444,8.6820917
https://www.usnews.com/education/best-global-universities/california-state-university-sacramento-110617,https://www.usnews.com/static-atlas/assets/img/education/education.svg,California State University Sacramento,https://www.usnews.com/static-atlas/assets/img/news/best-countries/flags-svg/USA.svg,United States,Sacramento,"#1,066",37.3,,39.7837304,-100.445882,38.5810606,-121.493895
https://www.usnews.com/education/best-global-universities/niigata-university-504351,https://www.usnews.com/static-atlas/assets/img/education/education.svg,Niigata University,https://www.usnews.com/static-atlas/assets/img/news/best-countries/flags-svg/JPN.svg,Japan,Niigata,"#1,066",37.3,,36.5748441,139.2394179,37.6452283,138.7669125
https://www.usnews.com/education/best-global-universities/catholic-university-of-america-131283,https://www.usnews.com/static-atlas/assets/img/education/education.svg,Catholic University of America,https://www.usnews.com/static-atlas/assets/img/news/best-countries/flags-svg/USA.svg,United States,"Washington, D.C.","#1,072",37.2,,39.7837304,-100.445882,48.125152,-123.4525429
https://www.usnews.com/education/best-global-universities/osaka-metropolitan-university-530032,https://www.usnews.com/static-atlas/assets/img/education/education.svg,Osaka Metropolitan University,https://www.usnews.com/static-atlas/assets/img/news/best-countries/flags-svg/JPN.svg,Japan,Osaka,"#1,085",36.9,"15,782",36.5748441,139.2394179,34.661629000000005,135.49992679245517
https://www.usnews.com/education/best-global-universities/tokyo-university-of-science-503707,https://www.usnews.com/static-atlas/assets/img/education/education.svg,Tokyo University of Science,https://www.usnews.com/static-atlas/assets/img/news/best-countries/flags-svg/JPN.svg,Japan,Tokyo,"#1,095",36.7,,36.5748441,139.2394179,35.6812665,139.757653
https://www.usnews.com/education/best-global-universities/indian-institute-of-technology-iit-guwahati-528994,https://www.usnews.com/static-atlas/assets/img/education/education.svg,Indian Institute of Technology (IIT) - Guwahati,https://www.usnews.com/static-atlas/assets/img/news/best-countries/flags-svg/IND.svg,India,Guwahati,"#1,106",36.4,,22.3511148,78.6677428,26.1805978,91.753943
https://www.usnews.com/education/best-global-universities/indian-institute-of-technology-iit-indore-529453,https://www.usnews.com/static-atlas/assets/img/education/education.svg,Indian Institute of Technology (IIT) - Indore,https://www.usnews.com/static-atlas/assets/img/news/best-countries/flags-svg/IND.svg,India,Indore,"#1,140",35.6,,22.3511148,78.6677428,22.7203616,75.8681996
https://www.usnews.com/education/best-global-universities/visva-bharati-university-529447,https://www.usnews.com/static-atlas/assets/img/education/education.svg,Visva Bharati University,https://www.usnews.com/static-atlas/assets/img/news/best-countries/flags-svg/IND.svg,India,Santiniketan,"#1,180",34.7,,22.3511148,78.6677428,23.682708,87.6880296
https://www.usnews.com/education/best-global-universities/creighton-university-181002,https://www.usnews.com/static-atlas/assets/img/education/education.svg,Creighton University,https://www.usnews.com/static-atlas/assets/img/news/best-countries/flags-svg/USA.svg,United States,Omaha,"#1,203",34.3,"9,641",39.7837304,-100.445882,41.2587459,-95.9383758
https://www.usnews.com/education/best-global-universities/university-of-hyderabad-528875,https://www.usnews.com/static-atlas/assets/img/education/education.svg,University of Hyderabad,https://www.usnews.com/static-atlas/assets/img/news/best-countries/flags-svg/IND.svg,India,Hyderabad,"#1,271",32.8,,22.3511148,78.6677428,17.360589,78.4740613
https://www.usnews.com/education/best-global-universities/university-of-puerto-rico-mayaguez-243197,https://www.usnews.com/static-atlas/assets/img/education/education.svg,University of Puerto Rico Mayaguez,https://www.usnews.com/static-atlas/assets/img/news/best-countries/flags-svg/USA.svg,United States,Mayaguez,"#1,288",32.5,,39.7837304,-100.445882,18.2011161,-67.1391124
https://www.usnews.com/education/best-global-universities/homi-bhabha-national-institute-529784,https://www.usnews.com/static-atlas/assets/img/education/education.svg,Homi Bhabha National Institute,https://www.usnews.com/static-atlas/assets/img/news/best-countries/flags-svg/IND.svg,India,Mumbai,"#1,354",31.2,,22.3511148,78.6677428,19.0785451,72.878176
https://www.usnews.com/education/best-global-universities/indian-institute-of-technology-bhubaneswar-529756,https://www.usnews.com/static-atlas/assets/img/education/education.svg,Indian Institute of Technology Bhubaneswar,https://www.usnews.com/static-atlas/assets/img/news/best-countries/flags-svg/IND.svg,India,Argul,"#1,389",30.3,,22.3511148,78.6677428,43.2743116,-6.869101239300342
https://www.usnews.com/education/best-global-universities/indian-institute-of-science-education-research-iiser---bhopal-529738,https://www.usnews.com/static-atlas/assets/img/education/education.svg,Indian Institute of Science Education & Research (IISER) - Bhopal,https://www.usnews.com/static-atlas/assets/img/news/best-countries/flags-svg/IND.svg,India,Bhopal,"#1,570",26.2,,22.3511148,78.6677428,23.2584857,77.401989
https://www.usnews.com/education/best-global-universities/alabama-am-university-530175,https://www.usnews.com/static-atlas/assets/img/education/education.svg,Alabama A&M University,https://www.usnews.com/static-atlas/assets/img/news/best-countries/flags-svg/USA.svg,United States,Huntsville,Unranked,,,39.7837304,-100.445882,34.729847,-86.5859011
https://www.usnews.com/education/best-global-universities/gauhati-university-529649,https://www.usnews.com/static-atlas/assets/img/education/education.svg,Gauhati University,https://www.usnews.com/static-atlas/assets/img/news/best-countries/flags-svg/IND.svg,India,Guwahai,Unranked,,,22.3511148,78.6677428,,
https://www.usnews.com/education/best-global-universities/hiroshima-institute-of-technology-529435,https://www.usnews.com/static-atlas/assets/img/education/education.svg,Hiroshima Institute of Technology,https://www.usnews.com/static-atlas/assets/img/news/best-countries/flags-svg/JPN.svg,Japan,Hiroshima,Unranked,,,36.5748441,139.2394179,34.3916058,132.4518156
https://www.usnews.com/education/best-global-universities/international-centre-for-theoretical-sciences-bengaluru-529778,https://www.usnews.com/static-atlas/assets/img/education/education.svg,"International Centre for Theoretical Sciences, Bengaluru",https://www.usnews.com/static-atlas/assets/img/news/best-countries/flags-svg/IND.svg,India,Bengaluru,Unranked,,,22.3511148,78.6677428,12.9767936,77.590082
https://www.usnews.com/education/best-global-universities/inter-university-centre-for-astronomy-astrophysics-529779,https://www.usnews.com/static-atlas/assets/img/education/education.svg,Inter-University Centre for Astronomy & Astrophysics,https://www.usnews.com/static-atlas/assets/img/news/best-countries/flags-svg/IND.svg,India,Pune,Unranked,,,22.3511148,78.6677428,18.521428,73.8544541
https://www.usnews.com/education/best-global-universities/kyoto-university-of-education-529651,https://www.usnews.com/static-atlas/assets/img/education/education.svg,Kyoto University of Education,https://www.usnews.com/static-atlas/assets/img/news/best-countries/flags-svg/JPN.svg,Japan,Kyoto,Unranked,,,36.5748441,139.2394179,35.021041,135.7556075
https://www.usnews.com/education/best-global-universities/manhattan-college-192703,https://www.usnews.com/static-atlas/assets/img/education/education.svg,Manhattan College,https://www.usnews.com/static-atlas/assets/img/news/best-countries/flags-svg/USA.svg,United States,Riverdale,Unranked,,,39.7837304,-100.445882,41.6333678,-87.6331021
https://www.usnews.com/education/best-global-universities/nagasaki-institute-of-applied-science-529751,https://www.usnews.com/static-atlas/assets/img/education/education.svg,Nagasaki Institute of Applied Science,https://www.usnews.com/static-atlas/assets/img/news/best-countries/flags-svg/JPN.svg,Japan,Nagasaki,Unranked,,,36.5748441,139.2394179,33.1154683,129.7874339
https://www.usnews.com/education/best-global-universities/nara-womens-university-529792,https://www.usnews.com/static-atlas/assets/img/education/education.svg,Nara Womens University,https://www.usnews.com/static-atlas/assets/img/news/best-countries/flags-svg/JPN.svg,Japan,Nara,Unranked,,,36.5748441,139.2394179,-0.5252306,166.9324426
https://www.usnews.com/education/best-global-universities/ochanomizu-university-529332,https://www.usnews.com/static-atlas/assets/img/education/education.svg,Ochanomizu University,https://www.usnews.com/static-atlas/assets/img/news/best-countries/flags-svg/JPN.svg,Japan,Tokyo,Unranked,,,36.5748441,139.2394179,35.6812665,139.757653
https://www.usnews.com/education/best-global-universities/shoolini-university-530173,https://www.usnews.com/static-atlas/assets/img/education/education.svg,Shoolini University,https://www.usnews.com/static-atlas/assets/img/news/best-countries/flags-svg/IND.svg,India,Bajhol,Unranked,,,22.3511148,78.6677428,31.1990367,77.1063745
https://www.usnews.com/education/best-global-universities/university-of-jammu-529652,https://www.usnews.com/static-atlas/assets/img/education/education.svg,University of Jammu,https://www.usnews.com/static-atlas/assets/img/news/best-countries/flags-svg/IND.svg,India,Jammu Tawi,Unranked,,,22.3511148,78.6677428,32.7060401,74.8799925
https://www.usnews.com/education/best-global-universities/university-of-rajasthan-529445,https://www.usnews.com/static-atlas/assets/img/education/education.svg,University of Rajasthan,https://www.usnews.com/static-atlas/assets/img/news/best-countries/flags-svg/IND.svg,India,Jaipur,Unranked,,,22.3511148,78.6677428,26.9154576,75.8189817
https://www.usnews.com/education/best-global-universities/utah-valley-university-230737,https://www.usnews.com/static-atlas/assets/img/education/education.svg,Utah Valley University,https://www.usnews.com/static-atlas/assets/img/news/best-countries/flags-svg/USA.svg,United States,Orem,Unranked,,,39.7837304,-100.445882,40.2981599,-111.6944313
